-5.981990322470664978e-02,-9.072806686162948608e-02,2.120977342128753662e-01,-9.760256111621856689e-02,5.745476484298706055e-02,1.337046027183532715e-01,-4.616399109363555908e-02,-1.020702943205833435e-01,-7.827473431825637817e-02,-5.954722315073013306e-02,1.565049588680267334e-01,1.051600575447082520e-01,-1.172091625630855560e-02,-2.059313803911209106e-01,-2.660990655422210693e-01,-7.538229110650718212e-04,-1.572417616844177246e-01,2.695014001801609993e-03,-1.411682814359664917e-01,-1.117529943585395813e-01,-8.630962669849395752e-02,1.566973775625228882e-01,-1.467932760715484619e-01,-1.483231335878372192e-01,1.141669377684593201e-01,-1.331516355276107788e-01
5.035548284649848938e-02,-2.296786904335021973e-01,-5.830249562859535217e-02,1.976866833865642548e-02,-2.417926937341690063e-01,-1.764300614595413208e-01,1.741542965173721313e-01,-4.657882452011108398e-02,-7.394775003194808960e-02,1.826084852218627930e-01,2.064294517040252686e-01,-4.785744938999414444e-03,-5.914409086108207703e-02,-2.274351119995117188e-01,-1.787924617528915405e-01,2.709996104240417480e-01,-1.094792559742927551e-01,6.197919696569442749e-02,-1.001111343502998352e-01,1.309083253145217896e-01,1.876858249306678772e-02,1.315696239471435547e-01,2.932550013065338135e-02,5.916975438594818115e-02,-7.849832624197006226e-02,2.008649706840515137e-01
-1.471681743860244751e-01,4.804839566349983215e-02,-2.347548902034759521e-01,1.161134913563728333e-01,-1.624531000852584839e-01,1.598749458789825439e-01,5.339933093637228012e-03,-3.370774164795875549e-02,-2.893209457397460938e-01,2.822658121585845947e-01,-9.144700318574905396e-02,6.861177831888198853e-02,-1.951520517468452454e-02,-6.414994597434997559e-03,-2.073045447468757629e-02,-1.699367724359035492e-02,-2.767085731029510498e-01,-1.761786490678787231e-01,-4.641963914036750793e-02,-4.968769475817680359e-02,1.769253015518188477e-01,2.127269804477691650e-01,2.662376463413238525e-01,-3.230673074722290039e-01,1.267687790095806122e-02,3.852465152740478516e-01
-1.921276561915874481e-02,-1.409583818167448044e-02,-1.888926923274993896e-01,1.884430274367332458e-02,1.790259182453155518e-01,-3.509178757667541504e-02,-1.714899390935897827e-02,-1.616487950086593628e-01,1.562125980854034424e-01,3.133539482951164246e-02,-9.621568024158477783e-02,-1.939098536968231201e-01,-2.486562132835388184e-01,2.670788168907165527e-01,1.667886413633823395e-02,-2.150589600205421448e-02,-5.200527980923652649e-02,1.936963051557540894e-01,-1.768110878765583038e-02,2.218266725540161133e-01,-7.523803412914276123e-02,-1.068764701485633850e-01,3.477491438388824463e-02,-1.226269304752349854e-01,-2.185645103454589844e-01,9.015035629272460938e-02
-2.633040845394134521e-01,-2.160882651805877686e-01,-2.094377726316452026e-01,1.548788547515869141e-01,7.966977357864379883e-02,-8.754719793796539307e-02,1.595547646284103394e-01,1.057668700814247131e-01,6.048115715384483337e-02,1.019083708524703979e-02,1.497361809015274048e-01,3.927814587950706482e-02,2.078155279159545898e-01,1.088889911770820618e-01,-3.524154052138328552e-02,-1.005181074142456055e-01,-1.427437663078308105e-01,-7.358108460903167725e-02,1.628735810518264771e-01,-2.827322110533714294e-02,-1.040189340710639954e-01,1.062558814883232117e-01,-9.424111247062683105e-02,-9.110728651285171509e-02,3.901255130767822266e-02,-2.557350099086761475e-01
-1.988547854125499725e-02,1.120811700820922852e-01,-2.403308153152465820e-01,2.360238879919052124e-01,-6.114826072007417679e-03,9.083857387304306030e-02,-2.282412908971309662e-02,-3.228185474872589111e-01,6.608021259307861328e-02,-5.230623483657836914e-02,-7.652329653501510620e-02,2.593667246401309967e-02,1.201805397868156433e-01,-1.581582874059677124e-01,-1.384650021791458130e-01,1.306667327880859375e-01,2.583139203488826752e-02,5.013540387153625488e-02,1.528656482696533203e-02,1.538669168949127197e-01,8.966427296400070190e-02,-1.796448528766632080e-01,1.349463164806365967e-01,1.564825884997844696e-02,-1.619885414838790894e-01,-1.907931119203567505e-01
-1.102330759167671204e-01,3.792923688888549805e-02,-2.138313949108123779e-01,-7.264127582311630249e-02,-9.830004721879959106e-02,-5.128398165106773376e-02,-1.661381423473358154e-01,-2.081001847982406616e-01,1.551565080881118774e-01,-1.878226250410079956e-01,1.173853427171707153e-01,1.043075248599052429e-01,-1.946970075368881226e-02,-3.993375971913337708e-02,-1.671849787235260010e-01,6.971345283091068268e-03,1.473524719476699829e-01,9.773381054401397705e-02,2.589527070522308350e-01,2.942995913326740265e-02,-1.176560819149017334e-01,5.293044820427894592e-02,1.354594081640243530e-01,-1.185599416494369507e-01,1.158993020653724670e-01,2.173586338758468628e-01
-5.260888859629631042e-02,9.723488986492156982e-02,1.947919577360153198e-01,1.318917274475097656e-01,4.075695294886827469e-03,-1.500882208347320557e-01,1.031908094882965088e-01,-1.432075947523117065e-01,-7.883241772651672363e-02,-6.767510622739791870e-02,2.707022428512573242e-01,1.428036540746688843e-01,-1.053708344697952271e-01,7.429140806198120117e-02,-3.009427804499864578e-03,1.561231315135955811e-01,1.944490373134613037e-01,2.054020166397094727e-01,1.502603292465209961e-01,-9.148724377155303955e-03,-4.074986279010772705e-02,-1.361886411905288696e-01,-5.921719595789909363e-02,2.552145719528198242e-01,1.800827085971832275e-01,-2.054525725543498993e-02
2.483673021197319031e-02,-1.952286958694458008e-01,-2.829460799694061279e-02,-7.746864855289459229e-02,6.509807705879211426e-02,-8.179323375225067139e-02,5.077643692493438721e-02,9.024226665496826172e-02,-3.239107131958007812e-02,6.708293221890926361e-03,-2.174836695194244385e-01,2.981922328472137451e-01,-6.244348734617233276e-02,-1.754591017961502075e-01,-7.247810065746307373e-02,-5.796267185360193253e-03,-2.058401554822921753e-01,7.663342170417308807e-03,2.541018426418304443e-01,6.174510344862937927e-02,-1.110015213489532471e-01,4.802157357335090637e-02,8.764681220054626465e-02,2.706455811858177185e-02,-8.186385780572891235e-02,1.913187950849533081e-01
6.483422964811325073e-02,4.833686351776123047e-02,1.008732691407203674e-01,-2.432152442634105682e-02,6.327203009277582169e-03,-3.360220044851303101e-02,4.171263426542282104e-02,8.626206219196319580e-02,-2.992687560617923737e-02,-6.573342531919479370e-02,5.993507057428359985e-02,1.613299399614334106e-01,-2.159648835659027100e-01,-2.466924637556076050e-01,-1.610201448202133179e-01,-1.954025179147720337e-01,1.856807172298431396e-01,2.448976337909698486e-01,-2.940247952938079834e-02,1.376644819974899292e-01,-1.434185653924942017e-01,9.724195301532745361e-02,1.030388381332159042e-02,2.495619840919971466e-02,1.594014614820480347e-01,-1.059127002954483032e-01
2.244688570499420166e-01,1.150356233119964600e-01,-1.979364454746246338e-02,3.768633678555488586e-02,-2.304888330399990082e-04,1.905195713043212891e-01,-4.964989423751831055e-01,-4.152337089180946350e-02,1.107756048440933228e-01,2.239922732114791870e-01,-3.358260691165924072e-01,-8.477122336626052856e-02,-1.713156849145889282e-01,3.655651526059955359e-04,1.312659680843353271e-01,-1.695091724395751953e-01,1.625776104629039764e-02,-3.395041823387145996e-01,-2.649678476154804230e-02,-3.545193076133728027e-01,3.860095283016562462e-03,-5.617511644959449768e-02,2.339718788862228394e-01,1.157400850206613541e-02,6.005885079503059387e-02,-9.894474595785140991e-02
1.805564761161804199e-01,-1.123454496264457703e-01,1.856641322374343872e-01,-8.867129683494567871e-03,-1.024146005511283875e-01,-2.125369459390640259e-01,-1.378619968891143799e-01,-7.991601526737213135e-02,1.427947729825973511e-01,-1.425295919179916382e-01,-1.464276909828186035e-01,-2.424944005906581879e-02,-1.037646904587745667e-01,-9.443917125463485718e-02,1.692018099129199982e-02,-6.452737748622894287e-02,3.708645701408386230e-02,-5.787106696516275406e-03,1.876184716820716858e-02,-1.356725692749023438e-01,-3.441677615046501160e-02,7.196258008480072021e-02,-3.222789242863655090e-02,-2.182286083698272705e-01,1.050461158156394958e-01,-6.735199131071567535e-03
2.177954465150833130e-01,1.291898936033248901e-01,-1.221423223614692688e-01,-4.770082980394363403e-02,3.382251411676406860e-02,1.568082906305789948e-02,4.825001209974288940e-02,5.452363565564155579e-02,-2.569764852523803711e-01,1.823807805776596069e-01,1.500614881515502930e-01,-3.240672349929809570e-01,1.259995847940444946e-01,-9.510582685470581055e-02,1.002952363342046738e-02,-4.431293532252311707e-02,8.099162951111793518e-04,-1.501930058002471924e-01,-4.379140958189964294e-02,2.821007370948791504e-02,1.036480143666267395e-01,3.593284264206886292e-02,1.370816677808761597e-01,1.759575307369232178e-01,-2.842548787593841553e-01,-2.056625206023454666e-03
2.007780522108078003e-01,-3.296245262026786804e-02,-1.477465033531188965e-01,-5.900743603706359863e-02,-2.604603767395019531e-01,1.921676695346832275e-01,8.188884705305099487e-02,2.398283332586288452e-01,-1.424521654844284058e-01,-3.081902675330638885e-02,-1.771557331085205078e-02,-1.828595548868179321e-01,-4.825406894087791443e-02,1.126957014203071594e-01,-5.798989161849021912e-02,-6.436534225940704346e-02,-1.024937853217124939e-01,-2.141103297472000122e-01,4.309785068035125732e-01,-6.844480335712432861e-02,-1.092882826924324036e-02,6.462140381336212158e-02,-2.750305831432342529e-02,-1.399077847599983215e-02,8.407836407423019409e-02,-1.785802468657493591e-02
-1.442759949713945389e-02,-4.476636275649070740e-02,-5.407317355275154114e-02,-9.348411858081817627e-02,8.142291754484176636e-02,-9.502965956926345825e-02,-1.929320245981216431e-01,2.236352264881134033e-01,4.147562664002180099e-03,4.110068455338478088e-02,-1.339834630489349365e-01,6.705839931964874268e-02,1.026226431131362915e-01,-9.769020974636077881e-02,9.092555195093154907e-02,-1.120975986123085022e-01,-8.682885766029357910e-02,-1.182099878787994385e-01,-2.016838639974594116e-01,-2.093284577131271362e-01,1.461113989353179932e-01,-1.305661909282207489e-02,1.118384748697280884e-01,-2.267453223466873169e-01,-1.081367209553718567e-01,2.680737990885972977e-03
9.000105410814285278e-02,2.931662201881408691e-01,-3.839457035064697266e-02,-4.747046157717704773e-02,-1.570931226015090942e-01,3.020133078098297119e-01,-4.375385120511054993e-02,-9.070095419883728027e-02,-2.182007133960723877e-01,2.503635734319686890e-02,-1.979116648435592651e-01,-1.197208017110824585e-01,1.863984391093254089e-02,1.366352140903472900e-01,2.858143858611583710e-02,-8.688350021839141846e-02,6.597220152616500854e-02,-2.228519879281520844e-02,-1.298703402280807495e-01,-1.559056490659713745e-01,2.768902778625488281e-01,1.827591359615325928e-01,-1.136371959000825882e-02,-1.976337581872940063e-01,-8.295662701129913330e-02,-1.287048906087875366e-01
-1.762646734714508057e-01,2.449923567473888397e-02,-1.687729358673095703e-01,1.153507083654403687e-02,6.333597004413604736e-02,2.771178260445594788e-02,1.889704763889312744e-01,1.635244637727737427e-01,1.334258541464805603e-02,-1.672593876719474792e-02,6.483808159828186035e-02,1.576318144798278809e-01,2.459723502397537231e-01,1.328240185976028442e-01,-1.399935036897659302e-01,1.068345010280609131e-01,1.643969863653182983e-01,-1.547621190547943115e-01,-3.117175698280334473e-01,2.946770749986171722e-02,-2.377869039773941040e-01,-5.013028625398874283e-03,-8.342443406581878662e-02,4.823774844408035278e-02,-2.152155786752700806e-01,-2.102743834257125854e-02
-2.719452604651451111e-02,1.114989668130874634e-01,-3.528450801968574524e-02,-3.832773864269256592e-02,4.567417129874229431e-02,4.297437518835067749e-02,8.051336556673049927e-02,-1.107551530003547668e-02,4.338699951767921448e-02,1.404439210891723633e-01,-1.607585847377777100e-01,-1.116395294666290283e-01,8.253439515829086304e-02,1.751823425292968750e-01,3.027280271053314209e-01,-6.117402389645576477e-02,3.813938423991203308e-02,-2.434067875146865845e-01,-7.882543653249740601e-02,2.622014144435524940e-03,1.127451136708259583e-01,-1.414749119430780411e-02,1.088760048151016235e-01,2.075320109724998474e-02,-1.653285026550292969e-01,-1.166142709553241730e-02
1.626143306493759155e-01,-2.792111337184906006e-01,-6.952918320894241333e-02,-1.107678860425949097e-01,-3.772571384906768799e-01,2.671521157026290894e-02,1.298726163804531097e-02,2.045266777276992798e-01,-2.759296298027038574e-01,3.701104521751403809e-01,-9.175968915224075317e-02,-8.752131834626197815e-03,-2.600661814212799072e-01,3.365796804428100586e-01,1.604863405227661133e-01,1.387958675622940063e-01,-1.407674551010131836e-01,-1.920569688081741333e-01,-3.741178214550018311e-01,-2.733143270015716553e-01,1.931028217077255249e-01,6.724108476191759109e-03,2.513433992862701416e-01,1.179579831659793854e-02,9.824517369270324707e-02,-7.100868225097656250e-02
-4.127224534749984741e-02,2.947223186492919922e-02,1.956698000431060791e-01,1.167836636304855347e-01,2.876331806182861328e-01,-1.062601357698440552e-01,2.065899372100830078e-01,-1.649776846170425415e-01,8.994032442569732666e-02,-8.464628458023071289e-02,3.431184962391853333e-02,8.791149407625198364e-02,2.583730220794677734e-01,-1.346728354692459106e-01,9.197150915861129761e-02,-1.423760876059532166e-02,3.804880976676940918e-01,-4.517652560025453568e-04,1.097402796149253845e-01,2.127772271633148193e-01,-6.654103845357894897e-02,-1.932695806026458740e-01,-8.959812670946121216e-02,1.803279966115951538e-01,2.046588063240051270e-01,4.240762069821357727e-02
-2.682518661022186279e-01,-1.140958815813064575e-01,3.873255476355552673e-02,-5.521983653306961060e-02,-7.737524062395095825e-02,-1.082471683621406555e-01,-4.190292954444885254e-02,4.753164947032928467e-02,1.623916476964950562e-01,-1.874632537364959717e-01,1.116409972310066223e-01,-8.989003300666809082e-02,8.498750627040863037e-03,7.154788821935653687e-02,1.323866248130798340e-01,2.526083402335643768e-02,1.749383658170700073e-02,2.309515327215194702e-02,-4.032319039106369019e-02,-2.596207521855831146e-02,2.271688431501388550e-01,-1.449633687734603882e-01,-3.110398910939693451e-02,2.993536889553070068e-01,-3.075014054775238037e-01,-1.208145287819206715e-03
5.620117112994194031e-02,-7.641415297985076904e-02,-2.417443552985787392e-03,-1.708257943391799927e-01,4.435164481401443481e-02,1.872949302196502686e-01,-1.709450781345367432e-02,3.084029071033000946e-02,1.867974549531936646e-01,-6.774983555078506470e-02,-1.785522550344467163e-01,6.199053302407264709e-02,2.105308026075363159e-01,7.634049654006958008e-02,-1.979783475399017334e-01,1.528939455747604370e-01,-1.263165771961212158e-01,9.416529536247253418e-02,-7.002700120210647583e-02,1.294357925653457642e-01,-3.703736960887908936e-01,7.753805071115493774e-02,-1.059208810329437256e-01,1.200222074985504150e-01,4.837027192115783691e-02,-1.680961996316909790e-02
-1.550491601228713989e-01,1.925613582134246826e-01,1.126022115349769592e-01,-1.633793860673904419e-01,9.059254080057144165e-02,2.067131102085113525e-01,-8.431099355220794678e-02,-9.049654006958007812e-02,1.281145513057708740e-01,-1.377423554658889771e-01,1.485927999019622803e-01,-2.687023580074310303e-01,-5.467542633414268494e-02,2.727523148059844971e-01,3.623652458190917969e-01,-1.985773891210556030e-01,6.503952294588088989e-02,-7.178810238838195801e-02,-1.348521281033754349e-02,-1.112214028835296631e-01,5.884989723563194275e-02,-1.978680640459060669e-01,-5.833352357149124146e-02,-4.106250405311584473e-02,1.449361741542816162e-01,-7.289240509271621704e-02
2.068140506744384766e-01,-5.883119627833366394e-02,-2.682878077030181885e-01,-1.794506423175334930e-02,5.211551114916801453e-02,-1.709613651037216187e-01,-6.977788358926773071e-02,2.656964957714080811e-01,-8.076511323451995850e-02,-9.940397739410400391e-02,1.143017038702964783e-01,-1.233984827995300293e-01,7.464389503002166748e-02,-1.177197247743606567e-01,-1.080799102783203125e-01,1.301660537719726562e-01,2.002059295773506165e-02,8.472687005996704102e-02,-4.819225519895553589e-02,1.205682307481765747e-01,2.074868381023406982e-01,-1.081546023488044739e-01,-2.709183096885681152e-01,1.639716774225234985e-01,-1.860388554632663727e-02,-6.237526424229145050e-03
9.055024385452270508e-02,1.714927107095718384e-01,8.342755585908889771e-02,-2.849530577659606934e-01,-1.177070140838623047e-01,1.931781917810440063e-01,1.391264349222183228e-01,2.267493009567260742e-01,4.329192917793989182e-03,1.691017001867294312e-01,-8.218396455049514771e-02,2.711460888385772705e-01,-3.659517318010330200e-02,-1.748664081096649170e-01,-1.417887806892395020e-01,-6.862967461347579956e-02,-2.203601151704788208e-01,1.029805392026901245e-01,-1.463226377964019775e-01,2.121966034173965454e-01,-7.111928611993789673e-02,2.438500374555587769e-01,1.212150305509567261e-01,-2.156274020671844482e-02,-1.748721301555633545e-01,-3.416659310460090637e-02
-1.690995842218399048e-01,-3.707943856716156006e-02,1.552349776029586792e-01,1.215176731348037720e-01,1.922439485788345337e-01,3.640710562467575073e-02,5.987275764346122742e-02,3.876780346035957336e-02,-5.406006798148155212e-02,-7.623001933097839355e-02,8.721204847097396851e-02,2.094242954626679420e-03,-3.079035505652427673e-02,8.251211792230606079e-02,1.537689864635467529e-01,-1.147058606147766113e-01,-1.430731117725372314e-01,1.700830161571502686e-01,1.742031127214431763e-01,8.474303781986236572e-02,-1.175806522369384766e-01,2.818430960178375244e-02,-8.546549081802368164e-02,-2.824044972658157349e-02,2.718851864337921143e-01,2.640395164489746094e-01
