3.018905781209468842e-02,2.586270570755004883e-01,2.864813618361949921e-02,-6.726188957691192627e-02,-9.822905063629150391e-03,6.000690907239913940e-02,-1.661652922630310059e-01,-6.295739859342575073e-02,5.495359376072883606e-02,-2.449413836002349854e-01,7.697617635130882263e-03,1.254010051488876343e-01,-5.796318873763084412e-02,-1.575898528099060059e-01,-2.103624641895294189e-01,-1.653975397348403931e-01,1.355714648962020874e-01,2.144108414649963379e-01,2.617172896862030029e-01,2.379449456930160522e-02,1.816203296184539795e-01,8.356428891420364380e-02,-2.133568227291107178e-01,-2.744488120079040527e-01,1.100220251828432083e-02,-9.211754798889160156e-02
-1.013701502233743668e-02,-1.510554403066635132e-01,8.361230045557022095e-02,8.209905028343200684e-02,-1.569207161664962769e-01,-2.091269791126251221e-01,3.308089673519134521e-01,3.953647986054420471e-02,-1.487398892641067505e-01,1.074635684490203857e-01,1.061763092875480652e-01,3.344740867614746094e-01,-1.351898014545440674e-01,-1.618783622980117798e-01,-3.023736774921417236e-01,2.497546523809432983e-01,1.075307279825210571e-02,1.098679974675178528e-01,-1.417194753885269165e-01,5.245095491409301758e-02,-1.574182882905006409e-02,1.014841124415397644e-01,-6.814995780587196350e-03,1.428589373826980591e-01,-1.544421315193176270e-01,-3.297392651438713074e-02
-1.791642159223556519e-01,-1.593696475028991699e-01,6.100994348526000977e-02,9.455417841672897339e-02,1.192384511232376099e-01,3.069230914115905762e-02,1.567802876234054565e-01,1.595975607633590698e-01,-1.351310610771179199e-01,1.237984895706176758e-01,-8.978803455829620361e-02,4.623114690184593201e-02,-1.406203061342239380e-01,2.567201852798461914e-01,1.227537319064140320e-01,1.727521978318691254e-02,-3.169968426227569580e-01,2.425282821059226990e-02,1.481569409370422363e-01,-5.684392154216766357e-02,-1.168651953339576721e-01,1.277795583009719849e-01,-3.550314158201217651e-02,-2.465255111455917358e-01,1.190235391259193420e-01,5.021386146545410156e-01
-2.575112283229827881e-01,-1.133482232689857483e-01,-2.051082067191600800e-02,-2.369240224361419678e-01,-1.966973841190338135e-01,2.146764695644378662e-01,6.650478392839431763e-02,1.759827509522438049e-02,1.568939238786697388e-01,1.565089449286460876e-02,1.750005036592483521e-01,1.592591404914855957e-01,-2.148337662220001221e-01,3.278070092201232910e-01,-7.968343049287796021e-02,1.149782463908195496e-01,-5.794072151184082031e-02,9.732667356729507446e-02,-2.126271650195121765e-02,-2.626903122290968895e-03,-2.265437394380569458e-01,-3.592226654291152954e-02,7.330933213233947754e-02,1.320041567087173462e-01,4.067278653383255005e-02,-1.428293883800506592e-01
-2.225062847137451172e-01,1.741782948374748230e-02,-9.450598619878292084e-03,-7.945683598518371582e-02,-8.822404593229293823e-02,-2.291670069098472595e-02,2.619591653347015381e-01,1.270491778850555420e-01,-2.830020189285278320e-01,1.911270804703235626e-02,2.897048294544219971e-01,1.450558304786682129e-01,2.033176124095916748e-01,-1.449638456106185913e-01,1.450874656438827515e-02,-5.096762627363204956e-02,1.158261969685554504e-01,1.808622851967811584e-02,-7.276447862386703491e-02,3.526198118925094604e-02,1.291650533676147461e-01,1.487400084733963013e-01,5.183752253651618958e-02,-3.944589756429195404e-03,1.302552372217178345e-01,2.409991472959518433e-01
-2.380017191171646118e-01,-9.434719383716583252e-02,-1.537325382232666016e-01,-8.051814883947372437e-02,2.070076577365398407e-02,8.212330937385559082e-02,-1.014396399259567261e-01,7.752843201160430908e-02,1.306509226560592651e-01,-1.056658625602722168e-01,-1.261668354272842407e-01,4.488655924797058105e-02,2.627470195293426514e-01,1.151809543371200562e-01,-8.118060231208801270e-02,-7.204143702983856201e-02,-8.070678263902664185e-02,-3.766667097806930542e-02,-2.603508532047271729e-01,-1.483657062053680420e-01,-1.208376064896583557e-01,2.085739523172378540e-01,-1.876750141382217407e-01,-2.932406663894653320e-01,-6.392492353916168213e-02,-1.194492075592279434e-02
-1.843277662992477417e-01,-2.504650056362152100e-01,3.152978420257568359e-01,3.699563676491379738e-03,1.527939736843109131e-01,-1.938063055276870728e-01,7.732636481523513794e-02,-7.840347290039062500e-02,1.556088477373123169e-01,9.975112229585647583e-02,1.279235333204269409e-01,2.005869746208190918e-01,-5.351720750331878662e-02,-9.462034702301025391e-02,1.660712957382202148e-01,-1.531478166580200195e-01,-6.514947861433029175e-02,1.785709336400032043e-02,-1.607105880975723267e-02,-1.304941326379776001e-01,-1.474156826734542847e-01,7.305091619491577148e-02,-3.110730648040771484e-02,-1.772378087043762207e-01,3.052831590175628662e-01,-2.181609123945236206e-01
1.505429446697235107e-01,-8.209050446748733521e-02,-4.566267505288124084e-02,1.150971800088882446e-01,-8.324594795703887939e-02,-2.562490403652191162e-01,-7.530481368303298950e-02,-2.045228332281112671e-02,-8.084571361541748047e-02,7.891707122325897217e-03,2.367444336414337158e-01,2.507644938305020332e-03,1.663862541317939758e-02,-1.094123199582099915e-01,-1.511433743871748447e-03,2.588065862655639648e-01,1.188923045992851257e-01,1.145883742719888687e-02,1.182812917977571487e-02,-9.512050449848175049e-02,1.888681501150131226e-01,-1.871693283319473267e-01,-3.658359125256538391e-02,1.554534435272216797e-01,1.363446265459060669e-01,6.662556529045104980e-02
1.634797751903533936e-01,1.454624831676483154e-01,1.008059084415435791e-01,-1.345783006399869919e-02,-8.900610357522964478e-02,2.393513731658458710e-02,5.561148747801780701e-02,-2.255305834114551544e-02,-7.652348279953002930e-02,4.524206742644309998e-02,-5.605335533618927002e-02,1.829437166452407837e-01,-5.521442368626594543e-02,5.964848026633262634e-02,-1.095762476325035095e-01,8.304997533559799194e-02,8.612762391567230225e-02,2.772928588092327118e-02,-2.321206480264663696e-01,3.274774551391601562e-02,-1.557918488979339600e-01,7.494268566370010376e-02,7.764465361833572388e-02,-2.098702043294906616e-01,2.806527316570281982e-01,1.228621751070022583e-01
1.267040818929672241e-01,-7.857634127140045166e-02,1.523338109254837036e-01,-8.735881000757217407e-02,-5.975957587361335754e-02,-8.415570110082626343e-02,-3.328683078289031982e-01,-3.364954888820648193e-01,2.255832850933074951e-01,-1.102809980511665344e-01,-8.212786912918090820e-02,-5.182242393493652344e-02,-9.150842577219009399e-02,-1.036973521113395691e-01,-1.673285812139511108e-01,4.542642459273338318e-02,6.014939397573471069e-02,7.798718661069869995e-02,1.652424931526184082e-01,-8.938817679882049561e-02,-8.038995414972305298e-02,1.713100075721740723e-01,7.485178858041763306e-02,-1.241996437311172485e-01,3.347618505358695984e-02,5.302517488598823547e-02
-8.108899928629398346e-03,8.776944875717163086e-02,1.812634617090225220e-01,4.628993198275566101e-02,4.141395539045333862e-02,6.647078692913055420e-02,-1.146650686860084534e-01,-1.071637272834777832e-01,6.132998690009117126e-02,-1.125510483980178833e-01,-3.306649327278137207e-01,-1.423953846096992493e-02,1.232349798083305359e-01,8.564578741788864136e-02,3.207104206085205078e-01,-1.261848211288452148e-01,1.535014510154724121e-01,-2.569252252578735352e-01,-4.444068297743797302e-02,-3.335925936698913574e-01,3.595782443881034851e-02,-1.884925812482833862e-01,5.250171944499015808e-02,-8.579731732606887817e-02,-2.444696053862571716e-02,-1.912030577659606934e-01
1.252905279397964478e-01,2.201813273131847382e-03,1.136537268757820129e-01,-4.309089854359626770e-02,1.192439347505569458e-01,9.001789987087249756e-02,-2.419272661209106445e-01,8.601811714470386505e-03,-5.143642798066139221e-02,-1.808697171509265900e-02,-1.703986674547195435e-01,6.497317552566528320e-02,-2.728370018303394318e-02,-2.191508933901786804e-02,9.583048522472381592e-02,-2.305676462128758430e-03,-4.727684333920478821e-02,1.061713695526123047e-01,-6.611119955778121948e-02,-4.986936599016189575e-02,-1.186887267976999283e-03,-5.636508390307426453e-02,-9.292331337928771973e-02,2.256353497505187988e-01,2.797271013259887695e-01,-2.645879983901977539e-02
-8.336910977959632874e-03,-1.763616800308227539e-01,-1.925363689661026001e-01,-1.729669868946075439e-01,-2.134114690124988556e-02,-1.579914391040802002e-01,2.013477683067321777e-01,7.895356416702270508e-02,1.449320018291473389e-01,5.907635018229484558e-02,-2.731476128101348877e-01,1.381840705871582031e-01,2.492017745971679688e-01,-1.715394854545593262e-02,1.481219679117202759e-01,9.779756516218185425e-02,-1.123081892728805542e-01,-3.241444006562232971e-02,-1.406835019588470459e-01,2.298842966556549072e-01,1.904359608888626099e-01,-3.322798758745193481e-02,1.192092671990394592e-01,5.605300888419151306e-02,-3.968384563922882080e-01,-4.007683694362640381e-02
-5.328030511736869812e-02,-3.311559855937957764e-01,-6.747271865606307983e-02,-4.080044105648994446e-02,-1.134049706161022186e-02,-4.717235267162322998e-01,-2.191482931375503540e-01,3.970273211598396301e-02,1.327427029609680176e-01,-4.891869798302650452e-02,1.456669569015502930e-01,2.290861494839191437e-02,5.759814754128456116e-02,-2.444003373384475708e-01,-7.708097249269485474e-02,1.087874639779329300e-02,3.601734340190887451e-02,-3.099859505891799927e-02,-5.115049704909324646e-02,-1.177256256341934204e-01,6.011074781417846680e-02,3.872089833021163940e-02,-8.291177451610565186e-02,1.241599302738904953e-02,-3.336123377084732056e-02,5.221771448850631714e-02
-1.521508581936359406e-02,2.385275214910507202e-01,2.290730178356170654e-01,-6.992160528898239136e-02,-6.809226423501968384e-02,2.875456809997558594e-01,1.540962904691696167e-01,-4.732554033398628235e-02,1.055404469370841980e-01,-3.963173180818557739e-02,1.649678312242031097e-02,-1.041898131370544434e-01,3.099210374057292938e-02,-7.623789459466934204e-02,5.392386019229888916e-02,-6.055967509746551514e-02,-1.167751699686050415e-01,5.798703432083129883e-02,-1.056133508682250977e-01,1.549304276704788208e-01,-4.389923438429832458e-02,2.087665796279907227e-01,-1.863867938518524170e-01,-1.030823141336441040e-01,-6.216669082641601562e-02,2.085259929299354553e-02
-3.810334578156471252e-02,1.519143879413604736e-01,-2.773358523845672607e-01,1.748395338654518127e-02,2.007730603218078613e-01,3.969725593924522400e-02,-1.817107945680618286e-01,-1.677109599113464355e-01,6.938526034355163574e-02,1.101736277341842651e-01,-1.928080245852470398e-02,-2.282303124666213989e-01,-9.801452979445457458e-03,5.915562435984611511e-02,7.210660725831985474e-02,-4.637767374515533447e-02,-8.826556801795959473e-02,-4.363968595862388611e-02,-3.833143785595893860e-02,5.011408403515815735e-02,6.577329337596893311e-02,-1.360403150320053101e-01,1.589311957359313965e-01,-2.601552605628967285e-01,-2.679438889026641846e-01,2.345643043518066406e-01
-1.074381396174430847e-01,3.416848927736282349e-02,-1.091033369302749634e-01,-4.050090536475181580e-02,-3.552008420228958130e-02,2.161161750555038452e-01,2.691235840320587158e-01,-7.031337916851043701e-02,-2.838322818279266357e-01,7.537761330604553223e-02,2.490821778774261475e-01,-4.740018397569656372e-02,3.492506742477416992e-01,-1.465235799551010132e-01,-2.093373090028762817e-01,-7.550861919298768044e-04,-2.233093976974487305e-01,-4.505882784724235535e-02,2.022797912359237671e-01,9.510676562786102295e-02,5.013993382453918457e-02,2.119547724723815918e-01,1.665337570011615753e-02,-1.017457107082009315e-03,-1.483048051595687866e-01,-1.033401340246200562e-01
-8.765158057212829590e-02,3.786752521991729736e-01,6.120903789997100830e-02,-8.387900888919830322e-03,1.063424795866012573e-01,4.789094626903533936e-02,-1.688630878925323486e-01,6.055387854576110840e-02,1.541817039251327515e-01,8.089177310466766357e-02,6.737992167472839355e-02,-1.436954736709594727e-01,-1.000092700123786926e-01,1.375459581613540649e-01,1.930792331695556641e-01,-2.216158360242843628e-01,1.560352444648742676e-01,-8.574266731739044189e-02,9.408816695213317871e-02,-9.006573259830474854e-02,6.013450026512145996e-02,-1.160750910639762878e-01,1.238700374960899353e-01,1.418880075216293335e-01,-1.991403102874755859e-01,-8.357377350330352783e-02
4.922258257865905762e-01,-1.788440942764282227e-01,-1.377462595701217651e-01,-9.925592690706253052e-02,-2.688682377338409424e-01,2.123590325936675072e-03,6.872783601284027100e-02,3.177106380462646484e-01,-8.323246985673904419e-02,-6.187451630830764771e-02,-2.775391004979610443e-02,-3.012537956237792969e-01,6.066685169935226440e-02,9.313429147005081177e-02,-1.380650997161865234e-01,1.569575071334838867e-01,-6.869479268789291382e-02,-2.055783718824386597e-01,3.247821927070617676e-01,-1.125654056668281555e-01,-6.541344523429870605e-02,3.380927443504333496e-02,-2.089724540710449219e-01,7.186113297939300537e-02,8.956926316022872925e-02,-7.803569734096527100e-02
1.575445830821990967e-01,-2.489514648914337158e-01,-1.468391865491867065e-01,-2.132929116487503052e-01,1.373467743396759033e-01,6.602922081947326660e-02,-2.763279527425765991e-02,3.053652346134185791e-01,-1.279360651969909668e-01,-9.307006746530532837e-02,-1.200192049145698547e-02,-5.290917307138442993e-02,-8.747312426567077637e-02,-4.303906485438346863e-02,2.086351998150348663e-02,-2.977015972137451172e-01,-1.725770831108093262e-01,-6.567229051142930984e-03,1.675800979137420654e-01,1.699017435312271118e-01,-3.835700824856758118e-02,1.286885887384414673e-01,-1.031291782855987549e-01,3.889403864741325378e-02,7.916013151407241821e-02,1.414626091718673706e-02
2.068553417921066284e-01,1.693038493394851685e-01,-1.860369928181171417e-02,-1.623929291963577271e-01,1.645187884569168091e-01,-9.204350411891937256e-02,3.599371016025543213e-01,5.143758654594421387e-02,-1.158362254500389099e-01,1.313443183898925781e-01,8.517821878194808960e-02,-7.610469311475753784e-02,2.038768827915191650e-01,1.371269226074218750e-01,1.283012330532073975e-01,-7.837706059217453003e-02,3.452375829219818115e-01,1.178292557597160339e-02,-2.173875123262405396e-01,2.177260071039199829e-01,-1.771081537008285522e-01,4.230570793151855469e-02,2.429198939353227615e-03,1.781682670116424561e-01,-1.308393627405166626e-01,-2.093193829059600830e-01
3.288015350699424744e-02,6.212361529469490051e-02,-3.112784028053283691e-01,2.171565443277359009e-01,-2.023343369364738464e-02,1.468821316957473755e-01,1.331225037574768066e-02,-1.887014135718345642e-02,-2.660264261066913605e-03,2.771253697574138641e-03,-9.486822783946990967e-02,1.155794933438301086e-01,9.343516826629638672e-02,-1.019022464752197266e-01,-2.837600409984588623e-01,-7.562355697154998779e-02,-7.452610135078430176e-02,2.221131138503551483e-02,2.253951877355575562e-01,7.964842021465301514e-02,-1.106561943888664246e-01,1.191316619515419006e-01,1.341996341943740845e-01,-2.082104235887527466e-01,7.151339203119277954e-02,-2.786656916141510010e-01
-1.735507994890213013e-01,-1.018365323543548584e-01,-2.165272384881973267e-01,1.222566217184066772e-01,-2.631703577935695648e-02,8.736400306224822998e-02,2.301270514726638794e-01,-1.941711604595184326e-01,-6.804119050502777100e-02,5.502977594733238220e-02,8.995326608419418335e-02,-4.812704622745513916e-01,-1.785539463162422180e-02,4.923157095909118652e-01,3.312591612339019775e-01,-5.032984539866447449e-02,1.897047907114028931e-01,-4.852145165205001831e-02,6.517227273434400558e-03,1.216940805315971375e-01,2.601776123046875000e-01,-1.898856759071350098e-01,2.346717566251754761e-02,4.612366482615470886e-02,3.949607536196708679e-02,-1.169643104076385498e-01
2.171260565519332886e-01,-1.174646988511085510e-01,5.141569301486015320e-03,-1.101449802517890930e-01,9.776990860700607300e-02,-9.537432342767715454e-03,-4.968413338065147400e-02,5.924825370311737061e-02,5.070860311388969421e-02,-8.386322110891342163e-02,-2.313636988401412964e-02,-1.299777030944824219e-01,1.070502866059541702e-02,-2.157593667507171631e-01,-2.151935696601867676e-01,5.304313451051712036e-02,-3.033519722521305084e-02,1.422461569309234619e-01,-3.987683057785034180e-01,1.594627499580383301e-01,4.739918559789657593e-02,-7.958778738975524902e-02,-1.601981669664382935e-01,7.890063524246215820e-02,-4.230879843235015869e-01,-2.316885888576507568e-01
1.029882133007049561e-01,-3.043484315276145935e-02,-1.449903100728988647e-01,-5.950174108147621155e-02,-1.819694600999355316e-02,1.179791614413261414e-01,-7.305063307285308838e-03,-1.491908282041549683e-01,1.056148707866668701e-01,1.073440909385681152e-01,-2.456175088882446289e-01,1.620923429727554321e-01,-9.211957454681396484e-03,-2.946009337902069092e-01,-1.876420080661773682e-01,-1.270588934421539307e-01,6.549647450447082520e-02,-7.891028374433517456e-02,2.163413763046264648e-01,2.538982331752777100e-01,-2.008008807897567749e-01,1.616475582122802734e-01,2.886476218700408936e-01,-6.992992013692855835e-02,4.141104593873023987e-02,2.430987209081649780e-01
1.171001568436622620e-01,-1.488656401634216309e-01,1.200675889849662781e-01,-8.357350528240203857e-02,-1.247082725167274475e-01,-2.093838602304458618e-01,-2.722947625443339348e-03,-2.874958701431751251e-02,-1.579229906201362610e-02,-1.720746010541915894e-01,4.908069223165512085e-02,-9.580761939287185669e-02,-4.287598729133605957e-01,-2.285947091877460480e-02,1.434605419635772705e-01,-2.131519019603729248e-01,-3.653275221586227417e-02,2.323179543018341064e-01,2.943906486034393311e-01,6.978290528059005737e-02,-7.949710823595523834e-03,1.705754734575748444e-02,1.426965277642011642e-02,-1.231826990842819214e-01,3.251335918903350830e-01,1.018738225102424622e-01
