-3.601800203323364258e-01,1.178801059722900391e-01,2.054386585950851440e-02,-2.084197849035263062e-01,-1.153645291924476624e-02,1.187644526362419128e-01,-4.304059781134128571e-03,5.515471845865249634e-02,-2.129303365945816040e-01,1.699100062251091003e-02,-3.876224905252456665e-02,2.399943023920059204e-02,-7.760495692491531372e-02,2.928231060504913330e-01,9.332856535911560059e-02,-3.077967166900634766e-01,1.594389379024505615e-01,1.984283775091171265e-01,1.461485177278518677e-01,-5.460797250270843506e-02,2.224326729774475098e-01,2.882215008139610291e-02,2.695116996765136719e-01,1.231423616409301758e-01,-2.715158462524414062e-01,-1.882529109716415405e-01
6.600905954837799072e-02,-2.666089124977588654e-02,3.925563022494316101e-02,-9.248206764459609985e-02,-2.737185657024383545e-01,2.601336538791656494e-01,3.484157025814056396e-01,-2.138959169387817383e-01,6.456608325242996216e-02,1.971619278192520142e-01,3.095875084400177002e-01,5.175079405307769775e-02,-1.966908872127532959e-01,6.212031468749046326e-02,3.045599441975355148e-03,3.225728124380111694e-02,2.290508896112442017e-01,7.404276728630065918e-02,6.973937153816223145e-02,-5.784480273723602295e-02,8.101306855678558350e-02,-1.319901794195175171e-01,3.173476159572601318e-01,-1.655050218105316162e-01,-2.175138294696807861e-01,8.161222934722900391e-02
-4.723827540874481201e-02,2.134422659873962402e-01,-1.455458849668502808e-01,-7.244417071342468262e-02,7.197921723127365112e-02,-4.567949175834655762e-01,-5.058423802256584167e-02,-5.679264664649963379e-03,-7.433186471462249756e-02,-3.086589872837066650e-01,3.484316170215606689e-02,1.720793992280960083e-01,-8.168902248144149780e-03,-1.843012869358062744e-01,-3.553413320332765579e-03,-2.188273370265960693e-01,-1.268200576305389404e-01,-2.722073793411254883e-01,1.558647304773330688e-01,-1.103570982813835144e-01,1.033520624041557312e-01,5.260248854756355286e-02,4.381177201867103577e-02,6.600002944469451904e-02,1.250340789556503296e-01,2.624083496630191803e-02
-4.703964665532112122e-02,6.662358343601226807e-02,-6.673149764537811279e-02,2.122514396905899048e-01,1.890152990818023682e-01,-2.309608757495880127e-01,-6.016280502080917358e-02,1.328111290931701660e-01,-8.720807731151580811e-02,5.673349834978580475e-03,5.261776596307754517e-02,-1.116955354809761047e-01,1.531714498996734619e-01,7.555795460939407349e-02,-3.985213115811347961e-02,-6.128134205937385559e-02,-4.985798895359039307e-02,8.354278653860092163e-02,-1.955996453762054443e-02,-7.463236898183822632e-02,-2.679421007633209229e-01,-1.831884086132049561e-01,3.983055800199508667e-02,2.643371224403381348e-01,9.257679432630538940e-02,-1.044631078839302063e-01
9.362615644931793213e-02,-2.047198563814163208e-01,4.539826512336730957e-02,1.840980909764766693e-02,-1.079615205526351929e-01,-1.414429396390914917e-01,-1.166865006089210510e-01,6.867728382349014282e-02,1.313004922121763229e-02,3.376460447907447815e-02,2.667952775955200195e-01,-1.912344247102737427e-01,3.589586317539215088e-01,3.097346127033233643e-01,-2.691306471824645996e-01,1.649341136217117310e-01,-4.785740282386541367e-03,4.039786756038665771e-02,-6.854896992444992065e-02,-6.945577263832092285e-02,-3.860218226909637451e-01,-1.469003260135650635e-01,-1.653115451335906982e-01,4.026399552822113037e-02,1.441654562950134277e-02,-2.116352878510951996e-02
-1.805915497243404388e-02,-2.604385651648044586e-02,-8.951248973608016968e-02,1.153206154704093933e-01,5.902970954775810242e-02,8.651115745306015015e-02,-9.960496425628662109e-02,7.739681750535964966e-02,1.295905262231826782e-01,5.446985363960266113e-02,-1.391071230173110962e-01,2.125514671206474304e-02,9.918783605098724365e-02,-2.269622087478637695e-01,-2.081321366131305695e-02,1.963426619768142700e-01,-5.359115079045295715e-02,6.711950898170471191e-02,2.609650231897830963e-02,1.070973277091979980e-01,1.398753076791763306e-01,2.212855815887451172e-01,1.922052204608917236e-01,-7.001699507236480713e-02,2.996070683002471924e-01,-5.250433925539255142e-03
-1.676481515169143677e-01,-4.259449988603591919e-02,2.188900560140609741e-01,-3.140393793582916260e-01,7.869663834571838379e-02,1.457086354494094849e-01,1.527016144245862961e-02,-4.110732302069664001e-02,-1.411424204707145691e-02,6.981506198644638062e-02,1.027074977755546570e-01,-2.681263089179992676e-01,-4.061061888933181763e-02,1.194767653942108154e-01,1.499399542808532715e-01,-4.693366959691047668e-02,1.201642751693725586e-01,1.550383567810058594e-01,4.413443058729171753e-02,-6.178996060043573380e-03,4.052406642585992813e-03,6.459695100784301758e-02,2.701464593410491943e-01,-2.175369858741760254e-02,-2.163378447294235229e-01,-8.632766455411911011e-02
-1.374721713364124298e-02,3.553568571805953979e-02,-2.790255239233374596e-03,4.487096145749092102e-02,1.636458933353424072e-02,-3.834275901317596436e-02,-9.766909293830394745e-03,7.322923839092254639e-02,-5.210225284099578857e-02,2.948070876300334930e-02,-4.741682671010494232e-03,5.864427238702774048e-02,-6.230744067579507828e-03,7.036014925688505173e-03,3.008760139346122742e-02,-2.120780572295188904e-02,-5.685310810804367065e-03,-7.658077031373977661e-02,9.963766206055879593e-04,-4.327941685914993286e-02,-5.792582780122756958e-02,-1.727838069200515747e-02,-6.354057043790817261e-02,-2.330064959824085236e-02,3.146961331367492676e-02,-3.718277206644415855e-03
1.528032124042510986e-01,-3.837683200836181641e-01,-3.459969758987426758e-01,-2.532643377780914307e-01,-3.338027596473693848e-01,-4.866984672844409943e-03,-7.861618697643280029e-02,-2.266762703657150269e-01,2.885057032108306885e-01,1.987872570753097534e-01,-1.817362755537033081e-01,-1.114574819803237915e-01,-3.192305266857147217e-01,-1.510634124279022217e-01,1.082397848367691040e-01,1.713610142469406128e-01,-6.228341255336999893e-03,6.896887719631195068e-02,1.693565696477890015e-01,-9.269155561923980713e-02,1.944376081228256226e-01,-2.057620584964752197e-01,-2.464737296104431152e-01,-1.811055690050125122e-01,-2.190494686365127563e-01,8.679953962564468384e-02
6.857880856841802597e-03,1.341021806001663208e-01,-1.781775951385498047e-01,1.457058638334274292e-01,6.010554730892181396e-02,9.622083604335784912e-02,4.497239366173744202e-02,2.462053000926971436e-01,-5.300648882985115051e-02,-4.307879135012626648e-03,-1.052505970001220703e-01,1.830335110425949097e-01,7.467506080865859985e-02,4.103371128439903259e-02,-3.262812737375497818e-03,3.592845425009727478e-02,-1.479034777730703354e-02,-6.874357163906097412e-02,1.103794109076261520e-02,1.102047041058540344e-01,-5.306047201156616211e-02,-1.174321249127388000e-01,-9.586582332849502563e-02,-4.145678505301475525e-02,9.052798151969909668e-02,-8.356758393347263336e-03
3.615820035338401794e-02,-4.671208560466766357e-01,1.654301434755325317e-01,-6.335759907960891724e-02,-7.896722294390201569e-03,5.334828794002532959e-02,-1.637497730553150177e-02,1.813406124711036682e-02,-4.955476522445678711e-02,1.338573545217514038e-01,-1.725472360849380493e-01,-3.512594103813171387e-01,2.168629877269268036e-02,-1.079449802637100220e-01,2.102177739143371582e-01,5.744739249348640442e-02,-1.093126609921455383e-01,4.731006920337677002e-03,-7.342667132616043091e-02,-9.800790995359420776e-02,-2.116155028343200684e-01,5.681854858994483948e-02,-8.297515660524368286e-02,-7.941273041069507599e-03,2.561225555837154388e-02,5.032281950116157532e-02
2.503265738487243652e-01,1.714439094066619873e-01,7.475853711366653442e-02,-1.269686520099639893e-01,-4.755932092666625977e-02,1.717549264430999756e-01,-1.202375143766403198e-01,-7.741232216358184814e-02,9.826096892356872559e-02,-3.679764270782470703e-01,3.021564781665802002e-01,-2.717429399490356445e-01,-9.490615129470825195e-02,1.778976023197174072e-01,-1.570931375026702881e-01,6.311520189046859741e-02,2.201810628175735474e-01,-2.734717130661010742e-01,-3.851729035377502441e-01,1.433098465204238892e-01,-3.252736851572990417e-02,-1.179559901356697083e-01,6.198137253522872925e-02,-7.526419311761856079e-02,1.169096212834119797e-02,-2.402824610471725464e-01
5.952202528715133667e-02,-5.774502828717231750e-02,3.714894130825996399e-02,1.014137566089630127e-01,-1.384681463241577148e-01,-8.373808115720748901e-02,7.835322991013526917e-03,1.023728493601083755e-02,-1.084670051932334900e-01,-1.031722575426101685e-01,-1.264088600873947144e-01,-5.644172057509422302e-02,-6.989876274019479752e-04,-1.698443144559860229e-01,8.497709780931472778e-02,7.288824021816253662e-02,-1.814925819635391235e-01,-7.569411396980285645e-02,-1.704688519239425659e-01,2.174934186041355133e-02,-2.853255020454525948e-03,6.695292890071868896e-02,-1.480275988578796387e-01,-4.988978058099746704e-02,5.663596466183662415e-02,6.206921860575675964e-02
2.348526939749717712e-02,-8.357956539839506149e-04,2.828971669077873230e-02,-1.102687325328588486e-02,9.518306702375411987e-03,2.955604158341884613e-02,-3.071201406419277191e-02,-9.294225834310054779e-03,-4.442593455314636230e-02,-4.569688439369201660e-02,2.836777828633785248e-02,1.871698349714279175e-02,-1.033482030034065247e-01,5.550947412848472595e-02,4.897249862551689148e-02,8.826917037367820740e-03,-9.514821320772171021e-02,-3.771093115210533142e-02,3.266397863626480103e-02,-9.419573470950126648e-03,-3.702789545059204102e-02,-2.266540564596652985e-02,-2.022030949592590332e-02,-1.660721749067306519e-02,-2.472002804279327393e-02,-5.415660887956619263e-02
7.603757828474044800e-02,1.461662258952856064e-02,-6.050918623805046082e-02,1.727440059185028076e-01,-5.369178205728530884e-02,4.937656596302986145e-02,1.305902898311614990e-01,2.486567348241806030e-01,-7.745976746082305908e-02,1.689559817314147949e-01,-9.364088624715805054e-02,2.425069361925125122e-01,-4.098312929272651672e-02,-4.942733794450759888e-03,4.905548691749572754e-02,-4.865930974483489990e-02,-1.381790190935134888e-01,5.061259493231773376e-02,6.223690509796142578e-02,1.641470752656459808e-02,-9.873560629785060883e-03,-3.993568569421768188e-02,-1.348636746406555176e-01,-6.403071433305740356e-02,-1.009280979633331299e-02,1.138845458626747131e-01
1.437461469322443008e-03,-5.810430273413658142e-02,3.277732133865356445e-01,1.669186949729919434e-01,-1.011777520179748535e-01,8.687330037355422974e-02,1.676465719938278198e-01,-1.177443787455558777e-01,1.391224712133407593e-01,1.764683723449707031e-01,3.252872526645660400e-01,-1.417386829853057861e-01,3.325569033622741699e-01,2.626628242433071136e-02,-3.287464976310729980e-01,7.166146486997604370e-02,2.071432918310165405e-01,2.163949422538280487e-02,9.276527166366577148e-02,-7.481216639280319214e-02,-9.067276492714881897e-03,-1.536560803651809692e-01,3.694293797016143799e-01,2.009645998477935791e-01,-9.936357289552688599e-02,-1.650778949260711670e-01
1.224433183670043945e-01,-1.686412543058395386e-01,-1.485885828733444214e-01,1.344935595989227295e-01,-1.036316975951194763e-01,-4.772853106260299683e-02,-1.864144057035446167e-01,4.850812628865242004e-02,-8.553519099950790405e-02,-1.020620241761207581e-01,-1.505880057811737061e-01,-1.231100708246231079e-01,9.909471124410629272e-02,-2.757546491920948029e-02,-5.309041589498519897e-02,1.490538120269775391e-01,-1.449430435895919800e-01,-2.217607572674751282e-02,-1.156162545084953308e-01,6.388437468558549881e-03,-1.078135296702384949e-01,4.295971617102622986e-02,-9.682867676019668579e-02,-6.877600401639938354e-02,9.019289165735244751e-02,1.981280744075775146e-02
1.426764875650405884e-01,-4.330638423562049866e-02,2.145449221134185791e-01,-7.916782796382904053e-02,-1.001128554344177246e-01,-7.040476053953170776e-02,5.056905373930931091e-02,-3.106692135334014893e-01,8.197801560163497925e-02,3.965083509683609009e-02,2.596349120140075684e-01,5.589316040277481079e-02,-2.267607450485229492e-01,1.342737115919589996e-02,2.542212791740894318e-02,-1.393582075834274292e-01,3.893400728702545166e-02,-1.885084509849548340e-01,-2.253449708223342896e-01,-1.618849784135818481e-01,-7.026753574609756470e-02,2.142541296780109406e-02,7.634162902832031250e-02,7.530917972326278687e-02,-6.191174313426017761e-02,2.070680111646652222e-01
-1.991028711199760437e-02,2.548169530928134918e-02,-1.612724736332893372e-02,-1.500426046550273895e-02,1.144105195999145508e-01,3.663655137643218040e-03,4.177748784422874451e-02,4.194908309727907181e-03,5.112383514642715454e-02,6.787255872040987015e-03,-6.161058321595191956e-02,-3.790418803691864014e-02,5.912857502698898315e-02,-4.847523570060729980e-02,-6.081390008330345154e-02,-3.255231305956840515e-02,5.580069124698638916e-02,-1.106872130185365677e-02,3.071764111518859863e-02,6.273830682039260864e-02,-2.809336595237255096e-02,1.387926489114761353e-01,2.177191898226737976e-02,-3.205266222357749939e-02,1.536162197589874268e-01,7.880382239818572998e-02
3.124438598752021790e-02,1.959086209535598755e-01,-7.960679940879344940e-03,-1.272583752870559692e-01,-5.428734049201011658e-02,-3.385132551193237305e-02,9.980338066816329956e-02,-1.160306632518768311e-01,-8.956024795770645142e-02,5.309977009892463684e-02,-6.969071924686431885e-02,-1.182216033339500427e-01,4.608726128935813904e-02,-1.234163418412208557e-01,-2.699863165616989136e-02,-8.582562953233718872e-02,7.027698308229446411e-02,-4.405263066291809082e-02,-9.733579121530056000e-03,-1.079635247588157654e-01,-8.433479815721511841e-02,1.672128029167652130e-02,-1.386203318834304810e-01,-1.707428693771362305e-02,-4.078417643904685974e-02,1.720565557479858398e-01
-1.576602756977081299e-01,8.697812259197235107e-02,2.844373285770416260e-01,-5.799752846360206604e-02,2.030248567461967468e-02,1.539908349514007568e-01,1.683875173330307007e-01,-1.474111825227737427e-01,-6.396082788705825806e-02,-1.661548167467117310e-01,3.274102881550788879e-02,-4.626903217285871506e-03,-1.660771965980529785e-01,4.613929986953735352e-02,1.421694606542587280e-01,-1.104979496449232101e-02,6.163888797163963318e-02,1.048025041818618774e-01,-1.750584691762924194e-02,-3.618752211332321167e-02,2.849807441234588623e-01,2.147605717182159424e-01,2.037711441516876221e-03,7.616313546895980835e-02,-2.934189736843109131e-01,-6.434779614210128784e-02
-7.782264798879623413e-02,-8.982078731060028076e-02,1.271485388278961182e-01,-1.720831394195556641e-01,1.949798911809921265e-01,-4.360995814204216003e-02,-4.914912953972816467e-02,-1.033263355493545532e-01,4.652093648910522461e-01,1.466538161039352417e-01,7.559813093394041061e-03,3.854517340660095215e-01,3.026605583727359772e-02,-1.081112399697303772e-02,-5.582231655716896057e-02,1.780905872583389282e-01,2.419950067996978760e-02,1.814657002687454224e-01,5.101515352725982666e-02,6.735555827617645264e-02,2.405592799186706543e-01,8.277254551649093628e-02,-6.435289978981018066e-02,1.965744495391845703e-01,5.545463040471076965e-02,-5.794319510459899902e-02
2.016281150281429291e-02,-1.659737676382064819e-01,-1.308044195175170898e-01,-2.530353330075740814e-02,-2.196800112724304199e-01,1.113670021295547485e-01,1.325420588254928589e-01,-4.528493061661720276e-02,2.742658555507659912e-02,-7.459672540426254272e-02,-1.806060224771499634e-01,-1.478100121021270752e-01,1.749775372445583344e-02,4.930609092116355896e-02,-1.176648810505867004e-01,1.512986328452825546e-02,9.702299535274505615e-02,-7.202921807765960693e-02,2.880812287330627441e-01,-1.470742672681808472e-01,4.541704952716827393e-01,-1.620185226202011108e-01,-5.253695696592330933e-02,1.126931756734848022e-01,-7.298219203948974609e-02,-2.117121815681457520e-01
-3.071934282779693604e-01,-1.848038136959075928e-01,-1.483188867568969727e-01,1.452708095312118530e-01,1.798871606588363647e-01,-1.028503552079200745e-01,-2.531305551528930664e-01,5.468897521495819092e-02,2.064161896705627441e-01,4.580812156200408936e-02,-8.925659209489822388e-02,-1.812449693679809570e-01,2.212210595607757568e-01,9.193054400384426117e-03,-1.063254699110984802e-01,1.991681456565856934e-01,1.700953929685056210e-03,3.014113903045654297e-01,3.522439301013946533e-02,1.039755344390869141e-01,-4.027013480663299561e-02,1.346094012260437012e-01,-1.595025509595870972e-01,1.784883886575698853e-01,-8.364267647266387939e-02,-1.692991256713867188e-01
3.372589498758316040e-02,6.315515190362930298e-02,2.541824579238891602e-01,9.311222471296787262e-03,-5.891813337802886963e-02,5.313775688409805298e-02,-9.688004106283187866e-02,1.527989208698272705e-01,-2.951201200485229492e-01,-1.767376959323883057e-01,-4.495366290211677551e-02,-3.290113508701324463e-01,-1.011660546064376831e-01,-1.012222021818161011e-01,1.687943786382675171e-01,-1.498635560274124146e-01,9.935947507619857788e-02,-1.393703073263168335e-01,-1.921717226505279541e-01,1.759727858006954193e-02,-1.543034464120864868e-01,-1.056632921099662781e-01,-9.649652987718582153e-02,-1.449942290782928467e-01,-1.562932431697845459e-01,-1.254094690084457397e-01
-7.116250693798065186e-02,-3.023854196071624756e-01,1.584450155496597290e-01,8.990362286567687988e-02,2.184873819351196289e-01,5.632950738072395325e-02,-3.443373441696166992e-01,1.365237832069396973e-01,6.065891385078430176e-01,3.265329897403717041e-01,-8.972587436437606812e-02,-3.040231168270111084e-01,1.885503083467483521e-01,-2.134724408388137817e-01,3.227255642414093018e-01,3.186271488666534424e-01,-1.135823279619216919e-01,2.994547784328460693e-01,-4.419377818703651428e-02,2.773516774177551270e-01,-1.280110478401184082e-01,2.641031742095947266e-01,2.825121767818927765e-02,-2.963983118534088135e-01,3.269630298018455505e-02,6.825720518827438354e-02
