-6.107307970523834229e-02,5.159766227006912231e-02,-1.472101658582687378e-01,-1.662234961986541748e-02,-2.646225690841674805e-01,-1.896399259567260742e-02,-1.105120256543159485e-01,-5.430520325899124146e-02,2.312370203435420990e-02,6.358630210161209106e-02,2.245825529098510742e-01,1.814507395029067993e-01,2.184979766607284546e-01,2.012741863727569580e-01,-1.431551203131675720e-02,9.127507358789443970e-02,-1.773000806570053101e-01,-2.687614038586616516e-02,1.628482341766357422e-01,-4.283824935555458069e-02,-2.695436775684356689e-01,5.886683240532875061e-02,-1.551116108894348145e-01,2.078190743923187256e-01,9.064490348100662231e-02,-1.682651937007904053e-01
-9.153715521097183228e-02,-2.303880155086517334e-01,4.709573090076446533e-02,-1.329324953258037567e-02,-2.157124280929565430e-01,1.122401952743530273e-01,3.801256418228149414e-02,9.742178022861480713e-02,-1.936824470758438110e-01,4.822078347206115723e-02,1.154324486851692200e-01,-1.130052655935287476e-01,1.295694708824157715e-01,-3.293745219707489014e-02,-4.550480470061302185e-02,2.921608388423919678e-01,2.541165612637996674e-02,1.116514727473258972e-01,-2.793024182319641113e-01,2.940211072564125061e-02,-1.156140640377998352e-01,-7.743971794843673706e-02,1.929610669612884521e-01,-5.908978357911109924e-02,1.714135855436325073e-01,-3.691633790731430054e-02
2.118683010339736938e-01,-5.981899797916412354e-02,-2.353321015834808350e-01,-1.893005222082138062e-01,-2.077920287847518921e-01,-2.405960410833358765e-01,-2.136788815259933472e-01,1.949797570705413818e-01,-2.679322287440299988e-02,1.014863774180412292e-01,-1.913089863955974579e-02,1.858686357736587524e-01,-1.202455833554267883e-01,-1.479461938142776489e-01,-5.479065701365470886e-02,-3.874078765511512756e-02,-1.682123541831970215e-01,-3.547198697924613953e-02,-6.995191425085067749e-02,1.961435675621032715e-01,3.777831420302391052e-02,-4.284379072487354279e-03,1.111235171556472778e-01,-2.686816453933715820e-01,8.320023864507675171e-02,1.558159738779067993e-01
-9.685205668210983276e-02,1.887870393693447113e-02,1.161925867199897766e-01,1.620934903621673584e-02,1.555382609367370605e-01,2.359225600957870483e-01,-7.270578294992446899e-02,1.327781677246093750e-01,-7.517169415950775146e-02,-2.436087839305400848e-02,3.724833577871322632e-02,-9.806649759411811829e-03,-4.853079840540885925e-02,-5.931314453482627869e-02,-9.331352263689041138e-02,-4.746758565306663513e-02,1.270656846463680267e-02,-3.851175680756568909e-02,-1.110683158040046692e-01,1.176258251070976257e-01,-5.478082224726676941e-02,-1.726992726325988770e-01,-1.624055504798889160e-01,-1.878153160214424133e-02,-2.853413820266723633e-01,1.217162683606147766e-01
5.747918039560317993e-02,-2.431435286998748779e-01,-1.627279669046401978e-01,1.785663664340972900e-01,8.038355410099029541e-02,-5.827530752867460251e-03,-9.833258390426635742e-02,4.556604195386171341e-03,6.665734946727752686e-02,6.515229120850563049e-03,-6.519660237245261669e-04,-1.022977530956268311e-01,3.435900807380676270e-02,-2.607414126396179199e-01,8.068283647298812866e-02,-1.572705656290054321e-01,6.362312287092208862e-02,4.573617875576019287e-02,-3.780741095542907715e-01,2.879174351692199707e-01,-7.760843634605407715e-02,4.394905269145965576e-02,9.004277735948562622e-02,5.165775865316390991e-02,-1.188478991389274597e-01,1.928296983242034912e-01
1.337739974260330200e-01,-1.752660274505615234e-01,1.586906760931015015e-01,-3.529005497694015503e-02,-8.817502856254577637e-02,8.947105705738067627e-02,-5.081610754132270813e-02,-1.494248807430267334e-01,-8.024894446134567261e-02,-3.264766931533813477e-02,1.895878612995147705e-01,-2.142881304025650024e-01,1.646046154201030731e-02,1.925548613071441650e-01,-9.454973787069320679e-02,3.013409376144409180e-01,2.889678440988063812e-02,4.231873527169227600e-02,2.740558050572872162e-02,-1.065013110637664795e-01,-1.077471598982810974e-01,1.860333234071731567e-01,2.069166898727416992e-01,-1.709668487310409546e-01,1.910320520401000977e-01,3.529412299394607544e-02
-4.662187397480010986e-02,1.735157668590545654e-01,5.272920709103345871e-03,-1.932583935558795929e-02,1.601360738277435303e-01,-2.376484312117099762e-02,-1.652729958295822144e-01,1.015459001064300537e-01,5.136722698807716370e-02,3.963810577988624573e-02,-4.947762787342071533e-01,-1.366788148880004883e-01,4.800529405474662781e-02,8.277086168527603149e-02,-1.919082552194595337e-01,-4.314154759049415588e-02,1.888139694929122925e-01,8.256456255912780762e-02,1.317307911813259125e-02,2.079361975193023682e-01,-4.112634435296058655e-02,-1.738300733268260956e-02,-8.512414991855621338e-02,-7.077050954103469849e-02,1.405373066663742065e-01,6.021712347865104675e-02
-1.021369546651840210e-01,-4.533583298325538635e-02,-3.285195678472518921e-02,-1.617375761270523071e-01,1.062199398875236511e-01,-3.227797746658325195e-01,-2.076614648103713989e-01,-1.441389620304107666e-01,8.746314048767089844e-02,8.556328713893890381e-02,-4.080207645893096924e-02,-7.820823788642883301e-02,5.422386154532432556e-02,2.403649985790252686e-01,2.236883491277694702e-01,-9.099689871072769165e-02,1.629175841808319092e-01,-9.942497126758098602e-03,2.041213363409042358e-01,-1.655564904212951660e-01,4.757016524672508240e-02,3.281441330909729004e-02,-9.073980152606964111e-02,2.652114331722259521e-01,2.289511859416961670e-01,3.793862089514732361e-02
-7.760656625032424927e-02,-7.476294040679931641e-02,-2.899716794490814209e-01,1.556573510169982910e-01,6.114244461059570312e-02,6.580404937267303467e-02,1.554947942495346069e-01,-7.778426259756088257e-02,-3.070458769798278809e-02,-2.923060022294521332e-02,1.104959174990653992e-01,1.420791000127792358e-01,-2.571444213390350342e-01,-1.435076445341110229e-01,3.409446682780981064e-03,-2.184561938047409058e-01,1.477384194731712341e-02,4.270316287875175476e-02,-2.766800820827484131e-01,9.052415937185287476e-02,1.623822003602981567e-01,1.852760910987854004e-01,1.282957792282104492e-01,-8.135900646448135376e-02,3.206832334399223328e-03,-5.389165505766868591e-02
-6.020732223987579346e-02,1.826244294643402100e-01,2.832209467887878418e-01,3.163633495569229126e-02,9.646406397223472595e-03,-5.222703889012336731e-02,-1.889957338571548462e-01,-6.826003640890121460e-02,5.350762512534856796e-03,-6.519494205713272095e-02,2.234499007463455200e-01,-1.416162252426147461e-01,1.816851645708084106e-01,-2.983586117625236511e-02,4.132831841707229614e-02,2.573318406939506531e-02,-1.705506816506385803e-02,1.406534463167190552e-01,3.705145418643951416e-01,-8.527408540248870850e-02,-1.864586621522903442e-01,-6.789612025022506714e-02,-1.376760900020599365e-01,-9.718656539916992188e-02,1.690901964902877808e-01,-7.580429315567016602e-02
1.574959605932235718e-01,2.055973708629608154e-01,-9.020591527223587036e-02,-9.795204550027847290e-02,1.502349078655242920e-01,-7.697819918394088745e-02,1.175281926989555359e-01,2.701843380928039551e-01,-2.185632139444351196e-01,6.043446063995361328e-02,-3.348845839500427246e-01,-1.447860598564147949e-01,1.500433832406997681e-01,-1.806743070483207703e-02,-1.343010067939758301e-01,-1.970147043466567993e-01,6.451492011547088623e-02,-1.604641377925872803e-01,-9.285863488912582397e-02,3.463457152247428894e-02,1.120602935552597046e-01,-1.790444850921630859e-01,1.481037586927413940e-01,1.139347925782203674e-01,-8.070705085992813110e-02,8.718731999397277832e-02
1.051245331764221191e-01,-4.844855517148971558e-03,6.920392811298370361e-02,-1.932843327522277832e-01,3.966353833675384521e-02,2.452613413333892822e-02,1.042872667312622070e-01,1.421902924776077271e-01,2.969588339328765869e-01,1.609853953123092651e-01,-8.420518040657043457e-02,-2.419822104275226593e-02,-3.248877525329589844e-01,-1.814084202051162720e-01,6.773425638675689697e-02,-1.217154040932655334e-01,1.574854403734207153e-01,-1.099031940102577209e-01,-8.135366253554821014e-03,8.876204490661621094e-02,-9.039986878633499146e-02,6.081485375761985779e-02,-2.681461572647094727e-01,-1.234723404049873352e-01,2.733624577522277832e-01,1.468516769818961620e-03
-1.113993581384420395e-02,-5.940960720181465149e-02,-1.956385560333728790e-02,-2.496724575757980347e-01,2.085297554731369019e-01,1.193374246358871460e-01,-1.926058344542980194e-02,-1.055433973670005798e-01,-6.069951504468917847e-02,-2.162539809942245483e-01,-1.708407104015350342e-01,-1.038511320948600769e-01,1.255822181701660156e-01,-4.804141074419021606e-02,1.022987738251686096e-01,1.754298992455005646e-02,2.457831501960754395e-01,8.345472812652587891e-02,-2.610945999622344971e-01,2.592845857143402100e-01,9.271072223782539368e-03,2.098127305507659912e-01,-5.489503964781761169e-02,7.301349937915802002e-02,-3.532499074935913086e-02,-3.074086643755435944e-02
-2.055193781852722168e-01,-2.285481244325637817e-01,-7.854413241147994995e-03,2.647737264633178711e-01,1.096450388431549072e-01,-1.582083702087402344e-01,-3.861313685774803162e-02,7.479839026927947998e-02,-1.727687120437622070e-01,-2.467013299465179443e-01,1.613665837794542313e-03,-9.578620642423629761e-02,-9.600911289453506470e-02,1.124872043728828430e-01,-9.787581115961074829e-02,1.375138610601425171e-01,1.360553950071334839e-01,1.745245903730392456e-01,3.368198275566101074e-01,-1.340703219175338745e-01,7.326041907072067261e-02,7.513851672410964966e-02,2.721031010150909424e-01,-1.185476258397102356e-01,-1.772045493125915527e-01,8.208509534597396851e-02
-2.669976055622100830e-01,-1.800084412097930908e-01,-2.220310643315315247e-02,1.614883728325366974e-02,-3.337274119257926941e-02,-1.378586441278457642e-01,-1.671699136495590210e-01,-1.870120991952717304e-03,-7.107324153184890747e-02,-1.617698073387145996e-01,1.320933550596237183e-01,1.574265025556087494e-02,1.032288372516632080e-02,-5.757017061114311218e-02,8.985903859138488770e-02,2.811434864997863770e-02,-1.384815275669097900e-01,3.025436997413635254e-01,1.608150601387023926e-01,9.194979816675186157e-02,1.325217634439468384e-01,-1.986728012561798096e-01,3.606688082218170166e-01,-1.080913767218589783e-01,-1.429281979799270630e-01,1.548238694667816162e-01
4.347794747445732355e-04,2.705641686916351318e-01,-1.682510040700435638e-02,-2.376838400959968567e-02,-9.991281479597091675e-02,1.304241865873336792e-01,8.103896863758563995e-03,1.548263132572174072e-01,-4.725717473775148392e-03,-1.955569684505462646e-01,-1.684642285108566284e-01,-6.307800114154815674e-02,-4.551164433360099792e-02,-6.530852615833282471e-02,-1.114556714892387390e-01,-8.588156104087829590e-02,1.080577448010444641e-01,-6.076566874980926514e-02,1.368428021669387817e-01,-1.385424472391605377e-02,2.621908858418464661e-02,1.528325825929641724e-01,-1.984065324068069458e-01,1.288653463125228882e-01,-6.793470680713653564e-02,-1.143126636743545532e-01
-1.570738255977630615e-01,-1.105409935116767883e-01,-2.772643864154815674e-01,-5.107410624623298645e-02,-1.424201577901840210e-01,2.612429670989513397e-02,1.473130881786346436e-01,1.940885335206985474e-01,-2.047178894281387329e-01,1.852480769157409668e-01,1.698715612292289734e-02,3.642746433615684509e-02,1.070255413651466370e-03,-1.026719510555267334e-01,-8.707267791032791138e-02,6.613818556070327759e-02,1.650563627481460571e-01,3.807552531361579895e-02,-1.404033452272415161e-01,3.807644248008728027e-01,1.584761962294578552e-02,-1.279373317956924438e-01,6.513903290033340454e-02,1.974093914031982422e-02,-2.203731536865234375e-01,-1.427212506532669067e-01
8.502427954226732254e-04,6.131115928292274475e-02,-1.768570393323898315e-01,1.945365369319915771e-01,-7.386051863431930542e-02,5.101034790277481079e-02,9.849485754966735840e-02,2.049582302570343018e-01,7.754262071102857590e-03,2.438905388116836548e-01,-3.390132784843444824e-01,-4.374399315565824509e-03,-1.498050689697265625e-01,-2.143635451793670654e-01,-1.176401972770690918e-01,-2.226291969418525696e-02,-1.539717912673950195e-01,-2.437600344419479370e-01,-1.919928640127182007e-01,-9.764746064320206642e-04,2.147824503481388092e-02,9.642928093671798706e-02,-7.196184247732162476e-02,8.474280685186386108e-02,1.026425510644912720e-01,1.707869023084640503e-01
-1.404265165328979492e-01,-1.002796962857246399e-01,-4.656272754073143005e-02,-1.983815245330333710e-02,1.644973456859588623e-01,1.419973559677600861e-02,2.592245042324066162e-01,1.510551869869232178e-01,2.549729645252227783e-01,-2.971535548567771912e-02,-2.589741535484790802e-02,1.746617816388607025e-02,-4.258759692311286926e-02,4.306603670120239258e-01,-2.023195326328277588e-01,-1.298658549785614014e-01,-3.120172619819641113e-01,-7.867938280105590820e-02,-3.746721446514129639e-01,1.108804121613502502e-01,-3.945980966091156006e-02,-7.096071541309356689e-02,-1.415647100657224655e-02,-4.916330799460411072e-02,-1.484679877758026123e-01,1.755024641752243042e-01
-1.129566431045532227e-01,1.304906010627746582e-01,-5.086466297507286072e-02,2.221997380256652832e-01,-2.788062766194343567e-02,1.537871956825256348e-01,3.026385977864265442e-02,-9.894807823002338409e-03,6.237079203128814697e-02,1.356110572814941406e-01,-3.545399308204650879e-01,-1.339545398950576782e-01,2.909401617944240570e-02,-6.870903074741363525e-02,-2.084507644176483154e-01,-1.550574153661727905e-01,2.859282307326793671e-02,3.547208849340677261e-03,-2.741161584854125977e-01,2.128044515848159790e-01,-2.718114107847213745e-02,1.305467486381530762e-01,-1.118511706590652466e-01,1.207659393548965454e-01,2.117749601602554321e-01,8.637244999408721924e-02
-8.745154738426208496e-02,2.024635672569274902e-02,1.767983287572860718e-01,-7.353007793426513672e-02,-1.043116524815559387e-01,9.147831797599792480e-02,-1.185248717665672302e-01,-4.087042063474655151e-02,-1.131790801882743835e-01,-1.440408825874328613e-01,3.886665217578411102e-03,-3.400733321905136108e-02,1.033081337809562683e-01,-1.078590285032987595e-02,1.458954513072967529e-01,2.767094969749450684e-01,-2.392807602882385254e-01,1.122435331344604492e-01,1.938121765851974487e-01,-6.737624108791351318e-02,2.266329526901245117e-01,-3.686299920082092285e-01,5.863796174526214600e-02,2.088209688663482666e-01,-6.958849728107452393e-02,-1.163513958454132080e-01
1.562247723340988159e-01,1.325177401304244995e-01,2.135422229766845703e-01,-1.054379492998123169e-01,1.047033071517944336e-01,-1.796117126941680908e-01,5.215542390942573547e-02,-1.369018256664276123e-01,4.671841487288475037e-02,9.743802249431610107e-02,-5.625368282198905945e-02,7.183067500591278076e-02,3.612604737281799316e-02,6.538716703653335571e-02,-1.289270911365747452e-02,1.823360323905944824e-01,-6.267208606004714966e-03,-1.382289547473192215e-02,8.000753819942474365e-03,-1.936716586351394653e-01,-1.445196866989135742e-01,7.814883440732955933e-02,-1.976891458034515381e-01,-1.074956208467483521e-01,2.451332658529281616e-01,2.691394835710525513e-02
-1.471341848373413086e-01,2.960142120718955994e-02,2.659364640712738037e-01,3.601576387882232666e-02,-9.428214281797409058e-02,1.343217939138412476e-01,1.344888359308242798e-01,-5.874157696962356567e-02,8.600153028964996338e-02,1.099229324609041214e-02,2.322228103876113892e-01,-3.337442129850387573e-02,1.364193409681320190e-01,-2.665578387677669525e-02,1.123784333467483521e-01,-1.105556730180978775e-02,-8.402805030345916748e-02,1.089174076914787292e-01,2.526613473892211914e-01,-9.010918438434600830e-02,-3.114923089742660522e-02,-1.069200187921524048e-01,-5.730328708887100220e-02,-2.684004604816436768e-01,1.194615587592124939e-01,-8.447115123271942139e-02
-1.473859101533889771e-01,5.898209288716316223e-02,-3.227818310260772705e-01,-1.246675848960876465e-01,-8.890229463577270508e-02,1.551328320056200027e-02,-1.174698993563652039e-01,2.554172575473785400e-01,2.639052458107471466e-02,2.534294500946998596e-02,1.152847427874803543e-02,-2.165092676877975464e-01,1.762642413377761841e-01,-1.480516418814659119e-02,-2.264503687620162964e-01,-1.965447068214416504e-01,4.871747642755508423e-02,2.054655179381370544e-02,9.785842150449752808e-03,1.797985732555389404e-01,2.987473309040069580e-01,1.204719692468643188e-01,-4.213587194681167603e-02,1.642299294471740723e-01,-2.342199161648750305e-02,-2.683100104331970215e-02
1.141375228762626648e-01,-7.795821875333786011e-02,1.192279718816280365e-02,-2.194688767194747925e-01,3.913763538002967834e-02,-1.633229702711105347e-01,1.165630519390106201e-01,1.797305643558502197e-01,-8.089023083448410034e-02,1.591785699129104614e-01,6.153617054224014282e-02,1.036607474088668823e-01,-2.838689088821411133e-01,8.567856252193450928e-02,-1.081071346998214722e-01,-8.400438725948333740e-02,-2.139951586723327637e-01,-1.644812971353530884e-01,9.876292943954467773e-02,2.047907412052154541e-01,-3.072123527526855469e-01,4.760947078466415405e-02,1.452976465225219727e-01,-1.924625597894191742e-02,-1.750087440013885498e-01,2.713521122932434082e-01
-1.333666592836380005e-01,2.002076953649520874e-01,3.843894898891448975e-01,8.986072242259979248e-02,-2.548836171627044678e-01,-1.904215514659881592e-01,2.174457013607025146e-01,-2.056578546762466431e-02,1.924328505992889404e-01,-1.066656708717346191e-01,-9.864509105682373047e-02,-5.847234278917312622e-03,-1.064433716237545013e-03,-1.839911378920078278e-02,1.909282989799976349e-03,-1.297441422939300537e-01,-2.207436785101890564e-02,-1.099952030926942825e-02,-7.178319990634918213e-02,4.233433678746223450e-02,-1.388117321766912937e-03,-1.633263565599918365e-02,-7.286151498556137085e-02,-7.256681565195322037e-03,-3.352009877562522888e-02,2.641982734203338623e-01
