3.266210854053497314e-02,-9.222684428095817566e-03,-1.802265048027038574e-01,-2.590316832065582275e-01,-2.218122780323028564e-01,-2.392837852239608765e-01,-1.840922385454177856e-01,1.507101953029632568e-01,1.648546010255813599e-01,1.262232363224029541e-01,-8.543048985302448273e-03,1.250047236680984497e-01,-8.869308978319168091e-03,-5.348363146185874939e-02,-1.404901593923568726e-02,-3.803021833300590515e-02,-1.073144674301147461e-01,-8.903716504573822021e-02,4.917170405387878418e-01,1.592772305011749268e-01,2.093733847141265869e-01,3.133733198046684265e-02,-1.741970926523208618e-01,2.173037230968475342e-01,1.030353680253028870e-01,1.177413314580917358e-01
2.584247887134552002e-01,-1.507036983966827393e-01,-1.600810885429382324e-01,-1.136393994092941284e-01,1.670173928141593933e-02,-9.411526471376419067e-02,-2.506981194019317627e-01,-8.182864636182785034e-02,1.475626230239868164e-01,-7.919918000698089600e-02,8.720587939023971558e-02,6.183084333315491676e-04,-1.769925057888031006e-01,-3.292383849620819092e-01,2.382380068302154541e-01,1.522839665412902832e-01,3.438655659556388855e-02,3.793629109859466553e-01,-1.785315722227096558e-01,-2.490737438201904297e-01,1.697535216808319092e-01,6.111500412225723267e-02,-1.022037491202354431e-01,-1.171980723738670349e-01,-3.146152198314666748e-02,-1.487048417329788208e-01
2.707851305603981018e-02,8.279486000537872314e-02,6.230798363685607910e-02,-1.972867175936698914e-02,-9.854840114712715149e-03,-1.520221680402755737e-01,3.159487247467041016e-01,-4.555239900946617126e-02,9.952654689550399780e-02,1.515164971351623535e-01,1.813932657241821289e-01,1.126925572752952576e-01,-1.927022486925125122e-01,-6.639362126588821411e-02,2.283311039209365845e-01,-2.781556546688079834e-01,-1.078268885612487793e-01,6.221989169716835022e-02,-1.373524963855743408e-01,-1.486223042011260986e-01,-2.131967619061470032e-02,-3.112550079822540283e-01,-2.159877717494964600e-01,6.165650207549333572e-03,-1.438391953706741333e-01,1.196016594767570496e-01
-6.780239194631576538e-02,8.179995417594909668e-02,9.520465135574340820e-02,-2.363570183515548706e-01,-8.039915561676025391e-02,-8.141766488552093506e-02,3.796207951381802559e-03,1.148808598518371582e-01,-1.522134896367788315e-02,-8.593039214611053467e-02,4.703501984477043152e-02,-4.228558763861656189e-02,-1.725211590528488159e-01,-4.052698239684104919e-02,-6.985584646463394165e-02,1.800964772701263428e-02,-4.078460857272148132e-02,-6.610691547393798828e-03,-1.000016927719116211e-01,-2.133349180221557617e-01,-1.635406315326690674e-01,2.168531715869903564e-01,1.232316941022872925e-01,-1.104423329234123230e-01,-5.957605689764022827e-02,-8.406070619821548462e-02
-1.041556149721145630e-02,-1.575992852449417114e-01,1.189318895339965820e-01,-1.964857578277587891e-01,-8.920406550168991089e-02,2.052244544029235840e-02,1.524627357721328735e-01,-8.340818434953689575e-02,-8.890862762928009033e-02,-5.940803512930870056e-02,4.168798401951789856e-02,1.199025735259056091e-01,-2.041895315051078796e-02,-1.101450994610786438e-02,-6.784867495298385620e-02,2.018471360206604004e-01,-3.551651909947395325e-02,1.073321551084518433e-01,-2.687112390995025635e-01,1.363295465707778931e-01,1.637288480997085571e-01,-2.123797684907913208e-02,-2.633732557296752930e-02,9.693324565887451172e-02,-1.789723895490169525e-02,-1.245870590209960938e-01
6.086408719420433044e-02,-2.086073756217956543e-01,3.043353185057640076e-02,2.139682769775390625e-01,-2.223039604723453522e-02,8.157157897949218750e-02,-1.942848265171051025e-01,-2.556812167167663574e-01,2.523253299295902252e-02,-8.454463630914688110e-02,6.627763062715530396e-02,8.895861357450485229e-02,-1.582498848438262939e-01,-4.709450304508209229e-01,2.871845066547393799e-01,3.975081071257591248e-02,2.157376706600189209e-01,4.667794704437255859e-02,2.923832274973392487e-03,6.644545495510101318e-02,-8.998101949691772461e-02,1.470723301172256470e-01,8.649634569883346558e-02,-9.888030588626861572e-03,1.165470257401466370e-01,-2.088477611541748047e-01
-1.666827797889709473e-01,3.300604224205017090e-01,1.572907567024230957e-01,6.617359071969985962e-02,2.617413103580474854e-01,-1.001063287258148193e-01,7.803971320390701294e-02,-7.593962550163269043e-02,5.396099016070365906e-02,-3.324247896671295166e-01,-1.135138794779777527e-01,-2.409953027963638306e-01,2.014523595571517944e-01,-2.190450280904769897e-01,1.539444029331207275e-01,-1.824943125247955322e-01,2.692387104034423828e-01,-1.668735295534133911e-01,6.697501987218856812e-02,-2.829905785620212555e-02,3.570334613323211670e-01,1.547261700034141541e-02,2.306688129901885986e-01,-5.021179839968681335e-02,-6.336333230137825012e-03,-4.006548784673213959e-03
-6.284713000059127808e-02,4.019119217991828918e-02,1.592219024896621704e-01,1.734091341495513916e-02,1.280330121517181396e-01,7.651934772729873657e-02,-7.759779691696166992e-02,-2.090947143733501434e-02,-2.262438088655471802e-02,-3.366388678550720215e-01,-1.070452481508255005e-01,9.251854382455348969e-03,7.877802103757858276e-02,3.866253420710563660e-02,-4.721315950155258179e-02,-1.679790765047073364e-01,-7.030684500932693481e-02,5.938477069139480591e-02,3.172976374626159668e-01,3.056259155273437500e-01,5.257361009716987610e-02,-1.783778518438339233e-02,-1.941688507795333862e-01,5.817474797368049622e-02,-1.494211256504058838e-01,-2.937816269695758820e-02
5.532418936491012573e-02,-1.492843031883239746e-01,-1.355351358652114868e-01,1.569441854953765869e-01,-2.831012606620788574e-01,1.319811195135116577e-01,1.551896929740905762e-01,-7.987540215253829956e-02,-7.443574070930480957e-02,2.234013676643371582e-01,5.966073274612426758e-02,-5.075849592685699463e-02,1.477421522140502930e-01,1.325702369213104248e-01,1.061395034193992615e-01,7.036425173282623291e-02,-2.836817204952239990e-01,1.542451977729797363e-01,-8.138769865036010742e-02,-1.285091936588287354e-01,-1.160600855946540833e-01,-4.327723290771245956e-03,-6.983879953622817993e-02,5.021334812045097351e-02,1.044036969542503357e-01,-1.463888585567474365e-02
-2.428650557994842529e-01,1.081917509436607361e-01,1.234726160764694214e-01,1.478737313300371170e-02,2.006081491708755493e-02,-1.054463982582092285e-01,9.984230995178222656e-02,7.986894808709621429e-03,4.570725187659263611e-02,-1.108927577733993530e-01,-1.118530333042144775e-01,-1.881258934736251831e-02,5.879806354641914368e-02,-4.916872829198837280e-02,-3.901065513491630554e-02,1.097967177629470825e-01,7.519602775573730469e-02,7.985631376504898071e-02,-6.171371415257453918e-02,-9.227240085601806641e-02,1.329948157072067261e-01,3.300119191408157349e-03,5.438314378261566162e-02,-8.473599702119827271e-02,1.070995703339576721e-01,-1.718245893716812134e-01
6.375723052769899368e-03,1.054512113332748413e-01,-8.957783132791519165e-02,1.759351044893264771e-01,2.895450890064239502e-01,-1.255519837141036987e-01,1.282819658517837524e-01,2.362081110477447510e-01,-5.766040831804275513e-02,-8.128240704536437988e-02,-3.301375806331634521e-01,-1.697644293308258057e-01,-2.739095985889434814e-01,1.459022760391235352e-01,1.570739224553108215e-02,-1.994207315146923065e-02,2.490991503000259399e-01,6.882341206073760986e-02,-2.864981442689895630e-02,-1.265223510563373566e-02,8.228623867034912109e-02,-9.398802369832992554e-02,9.085083007812500000e-02,-2.258177846670150757e-02,-2.444320321083068848e-01,4.840967431664466858e-02
1.239427775144577026e-01,3.339895009994506836e-01,4.733859002590179443e-02,1.603946089744567871e-01,1.442797183990478516e-01,4.777206107974052429e-02,2.005363702774047852e-01,2.220030874013900757e-03,1.820194125175476074e-01,-5.233236774802207947e-02,-1.379149500280618668e-02,6.538896262645721436e-02,1.382057666778564453e-01,2.371565252542495728e-02,-1.037554517388343811e-01,-2.284961193799972534e-01,-4.759883135557174683e-02,-1.424357444047927856e-01,-3.009839057922363281e-01,-5.531214177608489990e-02,-7.871069014072418213e-02,1.163729429244995117e-01,-4.801385700702667236e-01,-1.303809434175491333e-01,1.615033149719238281e-01,-9.664939343929290771e-02
-6.111666560173034668e-02,-1.353319287300109863e-01,-1.393032073974609375e-01,-2.142842561006546021e-01,2.022781670093536377e-01,2.624146342277526855e-01,-5.440988764166831970e-02,1.740082725882530212e-02,-5.551894009113311768e-02,-9.319110959768295288e-02,1.225316599011421204e-01,-2.608917467296123505e-02,2.511046826839447021e-01,5.660288408398628235e-02,3.040886856615543365e-02,-1.067114342004060745e-02,3.505159616470336914e-01,-9.912586212158203125e-02,6.195450574159622192e-02,-8.852262794971466064e-02,2.028053104877471924e-01,9.362906962633132935e-02,-1.725647225975990295e-02,1.118035428225994110e-02,-1.030589360743761063e-02,-4.271361827850341797e-01
-1.560597568750381470e-01,-1.616607457399368286e-01,2.564457952976226807e-01,3.274310231208801270e-01,-1.442961692810058594e-01,1.138173043727874756e-01,-9.482010453939437866e-02,-1.101803705096244812e-01,6.039854139089584351e-02,-1.032789871096611023e-01,8.615140616893768311e-02,-2.212580852210521698e-02,-1.621030457317829132e-02,-2.460480630397796631e-01,-7.654233276844024658e-02,6.023482233285903931e-02,-1.481047719717025757e-01,1.365204751491546631e-01,9.212846308946609497e-02,-4.186550527811050415e-02,1.394253075122833252e-01,-1.006019935011863708e-01,4.917789399623870850e-01,-2.167550623416900635e-01,-2.949691712856292725e-01,-2.187961712479591370e-02
-2.100036144256591797e-01,-3.019597530364990234e-01,1.229156702756881714e-01,-8.002264797687530518e-02,1.526332180947065353e-02,-8.195344358682632446e-02,1.665643751621246338e-01,-1.909725600853562355e-03,-1.088175550103187561e-01,-1.680952012538909912e-01,3.213536441326141357e-01,9.414511173963546753e-02,1.489854007959365845e-01,-7.850565016269683838e-02,5.364119261503219604e-02,7.245459407567977905e-02,-2.090526074171066284e-01,1.920744627714157104e-01,-1.380800157785415649e-01,2.070949971675872803e-02,1.295260041952133179e-01,-2.831602096557617188e-01,3.312130570411682129e-01,-2.164375036954879761e-01,-1.874165236949920654e-01,1.441507190465927124e-01
-1.642516255378723145e-01,2.495969086885452271e-01,1.748299971222877502e-02,1.144616454839706421e-01,-5.146200209856033325e-02,-7.106626778841018677e-02,-1.538977026939392090e-01,2.585188448429107666e-01,8.123623579740524292e-02,4.715961217880249023e-02,-1.262116432189941406e-01,-6.026664050295948982e-04,9.793588519096374512e-02,1.045109611004590988e-02,-6.043991446495056152e-02,-4.671603068709373474e-02,-1.742014894261956215e-03,-2.211714833974838257e-01,1.554576009511947632e-01,-2.968988716602325439e-01,-8.021895587444305420e-02,-7.455511391162872314e-02,-4.885603487491607666e-02,5.408103764057159424e-02,-1.265303790569305420e-01,-2.129171192646026611e-01
1.345030516386032104e-01,1.017785258591175079e-02,-3.164778053760528564e-01,-5.591259524226188660e-02,1.145453825592994690e-01,-7.925350964069366455e-02,-6.456977874040603638e-02,1.182366386055946350e-01,8.569999784231185913e-02,5.990755185484886169e-02,1.540874540805816650e-01,-4.720572382211685181e-02,-1.127718538045883179e-01,3.563439100980758667e-02,-1.168074905872344971e-01,-8.858130872249603271e-02,-2.234978377819061279e-01,1.572947800159454346e-01,-6.909078359603881836e-02,-1.737208962440490723e-01,3.433278203010559082e-01,-7.432287931442260742e-02,1.907698810100555420e-01,-3.048245608806610107e-02,6.612007319927215576e-02,-3.652394562959671021e-02
2.143155336380004883e-01,1.093988940119743347e-01,2.402183786034584045e-02,9.707016497850418091e-02,1.740513741970062256e-02,-3.766405209898948669e-02,1.788768731057643890e-02,1.129887159913778305e-02,2.712551131844520569e-02,7.926385849714279175e-02,-2.574036419391632080e-01,1.067566648125648499e-01,-3.258953616023063660e-02,-2.977678552269935608e-02,5.788344144821166992e-02,-4.332938045263290405e-02,-4.511059075593948364e-02,-8.495623618364334106e-02,-2.064161598682403564e-01,-6.413557101041078568e-03,1.010296028107404709e-02,2.178827859461307526e-02,-4.806288704276084900e-02,1.433051377534866333e-01,-7.833058387041091919e-02,2.318390458822250366e-01
2.600232958793640137e-01,-1.434839367866516113e-01,1.488175690174102783e-01,-2.186229638755321503e-02,-7.293718308210372925e-02,-2.610376179218292236e-01,-1.562622003257274628e-02,1.155482418835163116e-02,-2.317759692668914795e-01,1.646121442317962646e-01,-4.413499683141708374e-02,-6.441405415534973145e-02,-1.392147094011306763e-01,-5.242181569337844849e-02,-1.052701771259307861e-01,-3.753342479467391968e-02,2.033664584159851074e-01,9.548917412757873535e-02,3.249439597129821777e-01,1.669882684946060181e-01,-2.179211974143981934e-01,2.247311025857925415e-01,6.195278838276863098e-03,-4.006557762622833252e-01,2.165259271860122681e-01,2.946365773677825928e-01
2.512779273092746735e-02,5.215223506093025208e-02,-5.788724124431610107e-02,-4.486503079533576965e-03,3.492722660303115845e-02,-1.478912681341171265e-01,-1.304244697093963623e-01,-9.484808146953582764e-02,3.298192098736763000e-02,-8.868297189474105835e-02,-3.341018557548522949e-01,-4.879215359687805176e-02,2.304958850145339966e-01,-1.165600866079330444e-01,1.556048989295959473e-01,5.087325721979141235e-02,9.533288329839706421e-02,-8.911295980215072632e-02,-1.131622865796089172e-01,1.704510152339935303e-01,2.164186835289001465e-01,7.850400358438491821e-02,1.211386248469352722e-01,1.594763547182083130e-01,2.542118132114410400e-01,6.928044557571411133e-02
1.818131506443023682e-01,-1.460440549999475479e-02,-1.164239570498466492e-01,-2.266635745763778687e-01,1.293124109506607056e-01,-1.221866086125373840e-01,-1.467295289039611816e-01,1.883327364921569824e-01,-1.562792509794235229e-01,-7.946726679801940918e-02,3.664365038275718689e-02,-3.467652015388011932e-03,1.891388148069381714e-01,6.068286672234535217e-02,-4.442530870437622070e-02,6.507255136966705322e-02,5.059417337179183960e-02,5.900488793849945068e-02,-6.654620915651321411e-02,-3.733948990702629089e-02,-1.761547774076461792e-01,-1.096834838390350342e-01,2.611107528209686279e-01,4.787641018629074097e-02,-1.998959332704544067e-01,-8.655460551381111145e-03
8.213847130537033081e-02,1.011353880167007446e-01,1.282238066196441650e-01,-3.591853752732276917e-02,1.496373862028121948e-01,2.078401446342468262e-01,7.280161976814270020e-02,-1.852575838565826416e-01,7.557547092437744141e-02,1.702891141176223755e-01,-1.898403018712997437e-01,-5.713560059666633606e-02,-3.349880501627922058e-02,3.952310234308242798e-02,2.084065824747085571e-01,-1.378103345632553101e-01,2.130870819091796875e-01,-1.162688732147216797e-01,3.573509305715560913e-02,1.293348968029022217e-01,4.329654946923255920e-02,1.190483346581459045e-01,-1.910769492387771606e-01,-7.773552834987640381e-02,1.609520465135574341e-01,1.687703281641006470e-02
-2.114719450473785400e-01,-6.239805836230516434e-03,-3.556058555841445923e-02,7.271402329206466675e-02,5.247248709201812744e-02,-1.865818500518798828e-01,-3.135544434189796448e-02,-3.651248291134834290e-02,7.875023037195205688e-02,7.366357743740081787e-02,5.307262390851974487e-02,-9.395145624876022339e-02,1.189097389578819275e-01,-8.300858736038208008e-02,-1.852999776601791382e-01,1.588091999292373657e-01,1.661818660795688629e-02,1.225937902927398682e-01,-2.084993869066238403e-01,-1.027582138776779175e-01,4.257837776094675064e-03,1.338254362344741821e-01,2.286384999752044678e-02,-1.612871438264846802e-01,2.878540456295013428e-01,1.478478498756885529e-02
-2.739198505878448486e-01,1.417698115110397339e-01,-2.456531077623367310e-01,1.320618242025375366e-01,-4.570492077618837357e-03,-2.920410037040710449e-01,-1.763867735862731934e-01,1.544775515794754028e-01,-2.118750363588333130e-01,-1.233420148491859436e-01,-8.489774912595748901e-02,2.266019433736801147e-01,5.621185153722763062e-02,1.173179224133491516e-02,-1.026730984449386597e-01,-2.601240277290344238e-01,-7.680641720071434975e-04,1.423301845788955688e-01,7.100871950387954712e-02,3.806385770440101624e-02,1.764132678508758545e-01,-2.080547660589218140e-01,4.731328785419464111e-02,7.757981866598129272e-02,-6.937120854854583740e-02,-1.235409379005432129e-01
8.846278302371501923e-03,-1.546001434326171875e-01,1.193204745650291443e-01,4.148194938898086548e-02,1.302815675735473633e-01,-6.442415714263916016e-02,3.056103885173797607e-01,1.358634233474731445e-01,2.792358100414276123e-01,3.353849053382873535e-02,-2.388255298137664795e-02,2.799384295940399170e-01,-3.966984748840332031e-01,-3.316936641931533813e-02,-6.369999796152114868e-02,-2.685698568820953369e-01,-1.479889601469039917e-01,-1.973664313554763794e-01,8.913354575634002686e-02,7.797388732433319092e-02,-1.334930062294006348e-01,7.246308028697967529e-02,4.017761349678039551e-02,-4.225134551525115967e-01,4.234765097498893738e-02,3.253732919692993164e-01
-9.194765239953994751e-02,-3.300242498517036438e-02,5.013018250465393066e-01,-1.436329632997512817e-01,2.410077303647994995e-01,-1.190222334116697311e-02,-2.181923091411590576e-01,6.674289703369140625e-02,1.227834820747375488e-01,5.375012382864952087e-02,-1.922487318515777588e-01,-2.554766647517681122e-02,-3.954711928963661194e-02,5.086492747068405151e-02,2.114195562899112701e-02,2.348824739456176758e-01,-1.025247946381568909e-01,-8.448218554258346558e-02,-7.729581743478775024e-02,1.448903512209653854e-02,-2.090264707803726196e-01,-2.785323262214660645e-01,-1.175915151834487915e-01,-2.316725850105285645e-01,2.438782453536987305e-01,1.014836505055427551e-01
