-3.616579174995422363e-01,6.561287492513656616e-02,-4.614726826548576355e-02,-4.626619070768356323e-02,9.435803443193435669e-02,-1.798680052161216736e-02,-1.668633669614791870e-01,-1.398586202412843704e-02,1.504933983087539673e-01,5.768026690930128098e-03,3.677713498473167419e-02,2.494243532419204712e-01,5.911015346646308899e-02,2.353696338832378387e-02,7.613755762577056885e-02,2.125103492289781570e-03,1.229193806648254395e-01,1.432016044855117798e-01,-1.977436244487762451e-02,2.960143983364105225e-02,-1.586513072252273560e-01,-7.744644582271575928e-02,2.020425722002983093e-02,-3.077909052371978760e-01,3.307684138417243958e-02,-7.017083466053009033e-02
1.180440336465835571e-01,-2.655272185802459717e-02,2.119608670473098755e-01,6.606607139110565186e-02,-2.050358504056930542e-01,-2.633351087570190430e-02,-4.270164296030998230e-02,3.614791482686996460e-02,-3.827516436576843262e-01,1.351352930068969727e-01,-4.675143957138061523e-01,1.724568009376525879e-01,-5.830621346831321716e-02,-1.694758189842104912e-03,1.393403764814138412e-02,-5.779922008514404297e-02,-1.687908470630645752e-01,-4.418387636542320251e-02,2.448520064353942871e-02,1.965856850147247314e-01,8.621291071176528931e-02,-8.968690782785415649e-02,-1.664174199104309082e-01,-1.822957843542098999e-01,6.408161669969558716e-02,-3.028066456317901611e-01
1.941028423607349396e-02,3.898328542709350586e-02,-1.453343927860260010e-01,-6.519892811775207520e-02,4.482970386743545532e-02,-8.989372104406356812e-02,2.181561142206192017e-01,-3.572216723114252090e-03,-3.478817343711853027e-01,-1.789963096380233765e-01,1.633332818746566772e-01,7.580392062664031982e-02,3.735329210758209229e-02,2.881409600377082825e-02,-5.992247536778450012e-02,3.294680118560791016e-01,-1.483420431613922119e-01,2.132849246263504028e-01,-1.540602184832096100e-02,-7.763152010738849640e-03,2.840227186679840088e-01,1.267053782939910889e-01,-1.314296126365661621e-01,-1.462084352970123291e-01,2.528978586196899414e-01,1.598035693168640137e-01
-2.071741968393325806e-01,-9.389519691467285156e-02,-7.317872345447540283e-02,2.109470963478088379e-01,1.878382638096809387e-02,1.155075356364250183e-01,-3.124363720417022705e-01,4.554744437336921692e-02,-2.525999844074249268e-01,1.464811265468597412e-01,-6.281910836696624756e-02,-1.263306885957717896e-01,9.924113005399703979e-02,-1.183518767356872559e-02,1.717477142810821533e-01,1.664392948150634766e-01,1.344922631978988647e-01,-7.906236499547958374e-02,-1.615309715270996094e-02,-1.265103965997695923e-01,-5.726054310798645020e-02,-1.715633273124694824e-01,-2.348544821143150330e-02,1.451634913682937622e-01,8.549602702260017395e-03,9.064754098653793335e-02
-1.067936886101961136e-02,-2.730173468589782715e-01,7.046058773994445801e-02,1.883993446826934814e-01,-1.088892817497253418e-01,5.849080905318260193e-02,7.834277302026748657e-02,1.673552952706813812e-02,-3.324523568153381348e-01,6.116266548633575439e-02,-8.965322747826576233e-03,-4.612482711672782898e-02,-1.382985264062881470e-01,9.085429832339286804e-03,-5.406010895967483521e-02,-1.016538739204406738e-01,-1.041553169488906860e-01,-1.007312312722206116e-01,1.138756647706031799e-01,-5.301771312952041626e-02,2.132466807961463928e-02,1.946157962083816528e-01,-2.196151316165924072e-01,1.812302172183990479e-01,-5.901690572500228882e-02,2.177105993032455444e-01
1.165852621197700500e-01,2.607687115669250488e-01,-4.557316899299621582e-01,-2.297967970371246338e-01,-1.419430673122406006e-01,8.627380430698394775e-02,1.450423598289489746e-01,-3.925040364265441895e-02,-5.399224814027547836e-03,9.389001131057739258e-02,5.360154807567596436e-02,1.700723469257354736e-01,-8.336956799030303955e-02,3.048672899603843689e-02,4.998029768466949463e-02,8.671517670154571533e-02,-4.688831791281700134e-02,-6.963197141885757446e-02,4.606704227626323700e-03,-3.564245626330375671e-02,1.543854773044586182e-01,-4.403728619217872620e-02,1.115877479314804077e-01,-1.024326235055923462e-01,5.207355320453643799e-02,5.733687430620193481e-02
-5.847381893545389175e-03,3.476574718952178955e-01,-4.989020526409149170e-02,-6.010407209396362305e-02,-1.166442260146141052e-01,-9.904519468545913696e-02,1.618070900440216064e-02,-9.526567533612251282e-03,-7.962194085121154785e-02,4.458300769329071045e-02,-1.575024053454399109e-02,-1.207738742232322693e-01,7.028935011476278305e-03,-3.085693717002868652e-02,1.304554790258407593e-01,1.687215864658355713e-01,-1.859683841466903687e-01,5.082477629184722900e-02,4.163003340363502502e-02,9.950870275497436523e-02,1.669233739376068115e-01,-4.847551882266998291e-02,1.331044882535934448e-01,-2.535033524036407471e-01,-9.751796722412109375e-02,-3.431061208248138428e-01
5.598631501197814941e-02,-2.132151573896408081e-01,-7.242439780384302139e-03,1.321580708026885986e-01,6.727302819490432739e-02,7.736159861087799072e-02,-3.989578410983085632e-02,7.390940189361572266e-02,-2.248702049255371094e-01,2.468728423118591309e-01,1.852494105696678162e-02,-7.721912115812301636e-02,9.337601251900196075e-03,-9.841080754995346069e-03,2.480109632015228271e-01,-1.186296045780181885e-01,4.869047924876213074e-02,-3.110895752906799316e-01,3.287457162514328957e-03,-1.160413995385169983e-01,-1.462334841489791870e-01,-1.033144295215606689e-01,-4.494966939091682434e-02,5.548532679677009583e-02,1.529468148946762085e-01,1.364005655050277710e-01
-2.148532122373580933e-01,6.461971998214721680e-02,-7.394224405288696289e-02,-8.581754565238952637e-02,1.393551751971244812e-02,1.287226080894470215e-01,-1.542899478226900101e-02,-5.297076329588890076e-02,2.867415249347686768e-01,-5.399712920188903809e-02,-5.082590878009796143e-02,9.862756729125976562e-02,-1.067281439900398254e-01,-4.341178759932518005e-02,-7.664177566766738892e-02,1.379794925451278687e-01,-8.531482517719268799e-02,8.253706991672515869e-02,5.247826129198074341e-02,-8.992400020360946655e-02,-6.376301497220993042e-02,4.645750224590301514e-01,2.720462344586849213e-02,2.061781138181686401e-01,-2.968299984931945801e-01,5.802946090698242188e-01
1.602325960993766785e-02,1.962174475193023682e-01,-3.077818155288696289e-01,5.813230760395526886e-03,3.324129059910774231e-02,5.453518033027648926e-02,7.040213793516159058e-02,2.923300117254257202e-02,1.985460966825485229e-01,-5.116431042551994324e-03,1.344044506549835205e-01,-3.676248192787170410e-01,-1.034132167696952820e-01,-4.536034539341926575e-02,1.690106093883514404e-01,1.769297271966934204e-01,-1.025321707129478455e-01,4.039522260427474976e-02,7.116366177797317505e-03,5.241526663303375244e-02,-1.661926507949829102e-01,1.468890160322189331e-01,-7.297450304031372070e-02,4.406167939305305481e-02,-1.786377280950546265e-01,3.292403817176818848e-01
-4.056630283594131470e-02,3.095647692680358887e-01,3.503121435642242432e-02,5.333002656698226929e-02,2.680437564849853516e-01,-1.405706703662872314e-01,1.013236641883850098e-01,-5.686777178198099136e-03,-1.829977035522460938e-01,-1.063807606697082520e-01,-1.735246926546096802e-01,3.014788031578063965e-01,-1.250610351562500000e-01,2.906463295221328735e-02,-9.312784671783447266e-02,3.246385455131530762e-01,-1.496662050485610962e-01,2.597723007202148438e-01,-6.058202311396598816e-02,-6.967611610889434814e-02,3.151568397879600525e-02,6.057728081941604614e-03,-1.808716356754302979e-01,-8.796276897192001343e-02,-4.587393254041671753e-02,-8.929073065519332886e-02
2.190472558140754700e-02,5.051074549555778503e-02,1.723390668630599976e-01,-1.108142435550689697e-01,-1.908156126737594604e-01,2.237659879028797150e-02,-2.677334547042846680e-01,5.857025086879730225e-02,-1.108452007174491882e-01,1.827686727046966553e-01,-3.503252267837524414e-01,-2.714928984642028809e-01,-5.776483565568923950e-02,1.860394142568111420e-02,2.423980385065078735e-01,-1.412852853536605835e-01,-1.220463290810585022e-01,5.594231933355331421e-02,-3.804456070065498352e-02,-1.189315170049667358e-01,-6.453300826251506805e-03,3.864695131778717041e-01,-1.473013460636138916e-01,-1.814798414707183838e-01,-3.295363485813140869e-01,-3.029223680496215820e-01
-7.609789073467254639e-02,-1.954582184553146362e-01,-1.021463330835103989e-02,1.530334055423736572e-01,3.577683269977569580e-01,9.883196651935577393e-02,-3.993358463048934937e-02,-6.211380474269390106e-03,-3.189776241779327393e-01,7.575237005949020386e-02,2.116978913545608521e-02,-9.342937171459197998e-02,-8.716442971490323544e-04,-1.035607531666755676e-01,-4.139918461441993713e-02,3.312163054943084717e-01,9.863548725843429565e-02,-2.271948903799057007e-01,5.864040926098823547e-02,4.764365404844284058e-02,-1.646953523159027100e-01,3.018512390553951263e-02,1.738419197499752045e-02,2.218564897775650024e-01,-1.010326743125915527e-01,1.874326616525650024e-01
2.910864055156707764e-01,6.346952915191650391e-02,-1.844168454408645630e-01,7.577641308307647705e-02,3.100655674934387207e-01,-2.276684343814849854e-01,1.180074065923690796e-01,6.533484905958175659e-03,-1.506630629301071167e-01,4.048169776797294617e-02,-1.078859642148017883e-01,1.762774586677551270e-01,-1.682845801115036011e-01,5.607495829463005066e-02,-4.372830502688884735e-03,2.442217059433460236e-02,-2.583591081202030182e-02,1.400381326675415039e-02,-4.787005484104156494e-02,-1.236224919557571411e-01,4.437642171978950500e-02,-1.244308892637491226e-02,4.770407453179359436e-02,1.018063910305500031e-02,-1.005665287375450134e-01,-2.149895727634429932e-01
9.336441755294799805e-02,2.396351192146539688e-03,-2.620679093524813652e-03,-4.020993411540985107e-02,-2.698942124843597412e-01,-2.040953002870082855e-02,1.500932127237319946e-01,3.021398745477199554e-02,1.084263622760772705e-01,-3.574895439669489861e-03,2.102462649345397949e-01,-1.566565185785293579e-01,8.433820307254791260e-02,4.884924739599227905e-02,4.897190257906913757e-02,-3.271139562129974365e-01,-5.383914336562156677e-02,2.528036758303642273e-02,-6.093030422925949097e-02,-2.823453210294246674e-02,1.440537869930267334e-01,-5.550089851021766663e-02,-1.164281591773033142e-01,-1.063417717814445496e-01,1.679453998804092407e-01,3.240142166614532471e-01
-3.084416091442108154e-01,3.221586719155311584e-02,-2.185137867927551270e-01,-6.056057661771774292e-02,1.647432893514633179e-01,1.955710500478744507e-01,-4.743072763085365295e-02,-2.221116609871387482e-02,1.707219034433364868e-01,3.472317382693290710e-02,5.686643719673156738e-02,6.329692155122756958e-02,7.312086969614028931e-02,1.004873868077993393e-02,-4.800898209214210510e-02,7.028093934059143066e-02,1.495254188776016235e-01,-1.390682011842727661e-01,-3.135725483298301697e-02,-8.621694147586822510e-02,-9.847045876085758209e-03,1.774477958679199219e-01,1.584015041589736938e-02,1.988739520311355591e-01,-1.507970541715621948e-01,3.188827037811279297e-01
1.595848053693771362e-01,2.296131104230880737e-01,-1.265364885330200195e-01,-5.049915239214897156e-02,-3.708353266119956970e-03,-5.387632176280021667e-02,1.199951618909835815e-01,-5.578839685767889023e-03,-6.402998697012662888e-03,-1.505898032337427139e-02,-1.095985025167465210e-01,2.192212641239166260e-01,-1.803044527769088745e-01,-9.526549279689788818e-02,-1.380514949560165405e-01,2.066000699996948242e-01,-1.444312930107116699e-01,3.924228996038436890e-02,5.580865591764450073e-02,7.027776539325714111e-02,6.025766581296920776e-02,2.363274991512298584e-02,9.625010937452316284e-02,2.239024033769965172e-03,9.954573959112167358e-02,-1.142415702342987061e-01
1.982143819332122803e-01,7.463822513818740845e-02,-2.729062438011169434e-01,8.279757201671600342e-02,3.856126964092254639e-02,6.621232628822326660e-02,1.547218114137649536e-01,-7.675686478614807129e-02,6.991342455148696899e-02,-6.867583096027374268e-02,4.551448393613100052e-03,-2.732973396778106689e-01,-7.409311830997467041e-02,-3.719362989068031311e-02,5.092214792966842651e-02,1.968573220074176788e-02,-2.245810627937316895e-02,-1.879883259534835815e-01,-1.056689582765102386e-02,-4.260486736893653870e-02,1.057581305503845215e-01,1.805131882429122925e-01,-7.190105319023132324e-02,3.012126386165618896e-01,-1.389454305171966553e-01,2.997589707374572754e-01
1.459649652242660522e-01,7.043886184692382812e-02,1.556832939386367798e-01,-1.912140473723411560e-02,-7.003957033157348633e-02,2.539504691958427429e-02,4.425803199410438538e-02,3.944835043512284756e-04,1.702913492918014526e-01,1.059524342417716980e-02,-7.325275242328643799e-02,-3.852864801883697510e-01,-1.701062321662902832e-01,3.351591154932975769e-02,6.279126554727554321e-02,9.219595789909362793e-02,-1.158171594142913818e-01,-2.250371873378753662e-01,3.151059523224830627e-02,-9.102115407586097717e-03,-1.759043335914611816e-02,5.200685560703277588e-02,2.883672118186950684e-01,3.425179794430732727e-02,-1.926334202289581299e-01,-4.444933310151100159e-02
-5.617230013012886047e-02,-5.678845942020416260e-02,-1.111082285642623901e-01,-7.378093153238296509e-02,-7.026883959770202637e-02,1.068005859851837158e-01,-6.739563308656215668e-03,-4.345038533210754395e-02,-9.176415950059890747e-02,1.096880063414573669e-01,-9.890469163656234741e-02,1.426240652799606323e-01,2.229698002338409424e-02,-9.057218208909034729e-03,1.634645089507102966e-02,-7.596157491207122803e-02,7.304490543901920319e-03,-1.621194183826446533e-01,6.318645924329757690e-02,-1.085513979196548462e-01,-3.548623993992805481e-02,6.651683151721954346e-02,-1.475191265344619751e-01,1.056203022599220276e-01,1.756662875413894653e-02,2.768425345420837402e-01
2.212761640548706055e-01,8.158072829246520996e-02,1.045211851596832275e-01,-2.663001120090484619e-01,-3.864084184169769287e-01,1.397241801023483276e-01,3.106673015281558037e-03,-5.889888852834701538e-02,1.947872489690780640e-01,-5.413557961583137512e-02,-2.120327353477478027e-01,-3.355734795331954956e-02,-2.704450627788901329e-03,-3.585585579276084900e-02,-8.894414640963077545e-03,-9.441973641514778137e-03,-1.073295995593070984e-01,-7.036536186933517456e-02,-2.668637223541736603e-02,-8.453648537397384644e-02,2.837590575218200684e-01,2.412589341402053833e-01,4.538132548332214355e-01,-4.071528092026710510e-02,-1.548844277858734131e-01,-1.281984895467758179e-01
2.906684018671512604e-02,-1.321102827787399292e-01,5.239718407392501831e-02,-1.828699409961700439e-01,-1.479022502899169922e-01,2.216793894767761230e-01,6.363499164581298828e-02,-1.747221313416957855e-02,-2.053345590829849243e-01,-1.173261404037475586e-01,5.637371167540550232e-02,-1.170661523938179016e-01,6.715562194585800171e-02,-2.253083512187004089e-02,-3.985703736543655396e-02,-1.531184613704681396e-01,4.213169589638710022e-02,2.125263586640357971e-02,1.391182690858840942e-01,1.701986603438854218e-02,2.158406376838684082e-01,8.304768055677413940e-02,-1.618226766586303711e-01,1.347057223320007324e-01,-1.056773960590362549e-01,2.641968727111816406e-01
2.690968811511993408e-01,3.169856965541839600e-01,4.393460601568222046e-02,3.923702239990234375e-02,-1.645127981901168823e-01,1.913266777992248535e-01,2.692466080188751221e-01,-6.340280920267105103e-02,-2.462252676486968994e-01,-9.659151732921600342e-02,-8.277720957994461060e-02,6.158977374434471130e-02,-1.467588990926742554e-01,-2.000993117690086365e-02,-1.349738985300064087e-01,3.680808842182159424e-01,-9.677398204803466797e-02,7.737234979867935181e-02,2.222487702965736389e-02,-1.386263817548751831e-01,2.455013338476419449e-03,-6.540668010711669922e-02,-5.161203444004058838e-02,-1.597848683595657349e-01,-9.765091538429260254e-02,2.892234176397323608e-02
1.246346235275268555e-01,-1.646525859832763672e-01,6.552249938249588013e-02,2.641636431217193604e-01,4.091377183794975281e-02,-7.050303369760513306e-02,-2.268994972109794617e-02,-2.367101609706878662e-02,-1.806223094463348389e-01,-4.045812785625457764e-02,-8.984383195638656616e-03,-7.366285473108291626e-02,-4.983581975102424622e-02,-1.625598967075347900e-02,-6.340515613555908203e-02,2.000454813241958618e-01,-6.852672249078750610e-02,7.453642040491104126e-02,-3.174905851483345032e-02,-1.425912883132696152e-02,7.529521733522415161e-02,1.963396072387695312e-01,1.115441173315048218e-01,1.781774461269378662e-01,-1.452299356460571289e-01,-2.978896200656890869e-01
-2.710179984569549561e-01,-2.178569138050079346e-01,1.241594105958938599e-01,9.257897734642028809e-02,1.460626721382141113e-02,3.000055849552154541e-01,-2.153617441654205322e-01,3.191782161593437195e-02,-2.188885957002639771e-01,9.118947386741638184e-02,2.665002457797527313e-02,1.238591037690639496e-02,5.480318143963813782e-02,-2.535688132047653198e-02,-1.088410150259733200e-02,-9.916505962610244751e-02,9.000641852617263794e-02,-6.112503632903099060e-02,1.526555567979812622e-01,-4.097791016101837158e-02,-2.932187914848327637e-01,5.629478394985198975e-02,-7.184330374002456665e-02,-8.426839113235473633e-02,-1.564046740531921387e-01,3.248639777302742004e-02
-1.892921924591064453e-01,7.992760837078094482e-02,2.733088098466396332e-02,-1.045266613364219666e-01,-2.086565457284450531e-02,-4.241906572133302689e-03,-8.541797846555709839e-02,-3.379235742613673210e-03,8.552914857864379883e-02,-8.106080815196037292e-03,5.143122747540473938e-02,-2.401174157857894897e-01,6.069782376289367676e-02,-5.490224808454513550e-02,1.132861450314521790e-01,-1.624873429536819458e-01,1.878865435719490051e-02,2.076045274734497070e-01,7.817222177982330322e-02,1.713094860315322876e-01,-6.512216478586196899e-02,-5.699669569730758667e-02,-2.102424502372741699e-01,-1.707278490066528320e-01,-1.259962171316146851e-01,7.108778506517410278e-02
