example_index,label,baseline_prediction,external_q_prediction,external_qk_prediction
0,1,1,1,1
1,0,0,0,0
2,1,1,1,1
3,1,1,1,1
4,0,0,0,0
5,1,1,1,1
6,0,0,0,0
7,0,0,0,0
8,1,1,1,1
9,0,0,0,0
10,1,1,1,1
11,0,0,0,0
12,0,0,0,0
13,1,0,0,0
14,0,0,0,0
15,1,1,1,1
16,1,1,1,1
17,1,1,1,1
18,0,0,0,0
19,0,0,0,0
20,0,0,0,0
21,0,0,0,0
22,0,0,0,0
23,1,1,1,1
24,1,1,1,1
25,0,0,0,0
26,0,0,0,0
27,1,1,1,1
28,0,0,0,0
29,0,0,0,0
30,1,1,1,1
31,0,0,0,0
32,1,1,1,1
33,0,0,0,0
34,0,0,0,0
35,0,0,0,0
36,1,1,1,1
37,0,0,0,0
38,1,1,1,1
39,1,1,1,1
40,1,1,1,1
41,1,1,1,1
42,1,1,1,1
43,1,1,1,1
44,0,1,1,1
45,0,0,0,0
46,0,0,0,0
47,1,1,1,1
48,1,1,1,1
49,0,0,0,0
50,0,0,0,0
51,1,1,1,1
52,1,1,1,1
53,1,1,1,1
54,0,0,0,0
55,1,1,1,1
56,0,0,0,0
57,0,0,0,0
58,0,0,0,0
59,0,0,0,0
60,1,1,1,1
61,0,0,0,0
62,1,1,1,1
63,1,1,1,1
64,0,1,1,1
65,0,0,0,0
66,1,1,1,1
67,1,1,1,1
68,1,1,1,1
69,0,0,0,0
70,0,0,0,0
71,1,1,1,1
72,1,1,1,1
73,1,0,0,0
74,0,0,0,0
75,1,1,1,1
76,0,0,0,0
77,1,1,1,1
78,1,1,1,1
79,0,0,0,0
80,1,1,1,1
81,0,0,0,0
82,0,0,0,0
83,1,0,0,0
84,1,1,1,1
85,1,1,1,1
86,0,0,0,0
87,1,0,0,0
88,1,1,1,1
89,1,1,1,1
90,1,1,1,1
91,1,1,1,1
92,0,1,1,1
93,1,0,0,0
94,1,1,1,1
95,0,1,1,1
96,0,0,0,0
97,1,1,1,1
98,0,0,0,0
99,0,0,0,0
100,1,1,1,1
101,0,0,0,0
102,1,1,1,1
103,1,1,1,1
104,1,1,1,1
105,0,0,0,0
106,1,1,1,1
107,0,0,0,0
108,0,0,0,0
109,1,1,1,1
110,0,0,0,0
111,0,0,0,0
112,1,0,0,0
113,0,0,0,0
114,1,1,1,1
115,0,0,0,0
116,1,1,1,1
117,1,1,1,1
118,0,1,1,1
119,0,0,0,0
120,1,1,1,1
121,0,1,1,1
122,1,1,1,1
123,1,0,0,0
124,1,1,1,1
125,1,1,1,1
126,0,0,0,0
127,0,0,0,0
128,1,1,1,1
129,1,1,1,1
130,0,0,0,0
131,0,0,0,0
132,1,1,1,1
133,0,0,0,0
134,0,0,0,0
135,0,1,1,1
136,0,0,0,0
137,0,0,0,0
138,1,1,1,1
139,0,0,0,0
140,0,0,0,0
141,0,0,0,0
142,1,0,0,0
143,1,1,1,1
144,0,0,0,0
145,0,0,0,0
146,1,1,1,1
147,0,0,0,0
148,0,0,0,0
149,1,1,1,1
150,1,1,1,1
151,1,1,1,1
152,1,1,1,1
153,0,0,0,0
154,1,1,1,1
155,0,0,0,0
156,1,1,1,1
157,0,0,0,0
158,0,1,1,1
159,1,1,1,1
160,0,0,0,0
161,0,0,0,0
162,0,0,0,0
163,0,0,0,0
164,1,1,1,1
165,0,0,0,0
166,0,0,0,0
167,0,0,0,0
168,1,1,1,1
169,1,1,1,1
170,1,1,1,1
171,0,1,1,1
172,1,1,1,1
173,0,0,0,0
174,1,1,1,1
175,1,1,1,1
176,0,0,0,0
177,0,0,0,0
178,0,0,0,0
179,1,1,1,1
180,0,0,0,0
181,0,0,0,0
182,0,0,0,0
183,0,1,1,1
184,0,0,0,0
185,1,1,1,1
186,1,1,1,1
187,1,1,1,1
188,0,0,0,0
189,0,0,0,0
190,0,0,0,0
191,1,1,1,1
192,1,0,0,0
193,1,0,0,0
194,1,1,1,1
195,1,1,1,1
196,1,1,1,1
197,0,0,0,0
198,1,1,1,1
199,0,0,0,0
200,1,1,1,1
201,1,1,1,1
202,0,0,0,0
203,0,0,0,0
204,1,1,1,1
205,1,0,0,0
206,1,1,1,1
207,1,1,1,1
208,0,0,0,0
209,0,0,0,0
210,1,1,1,1
211,0,0,0,0
212,0,0,0,0
213,0,0,0,0
214,0,0,0,0
215,1,1,1,1
216,1,1,1,1
217,0,0,0,0
218,0,0,0,0
219,1,1,1,1
220,1,1,1,1
221,0,0,0,0
222,1,1,1,1
223,1,1,1,1
224,1,1,1,1
225,1,1,1,1
226,0,0,0,0
227,1,1,1,1
228,1,1,1,1
229,0,0,0,0
230,1,1,1,1
231,1,1,1,1
232,0,0,0,0
233,0,0,0,0
234,1,1,1,1
235,1,1,1,1
236,1,0,0,0
237,0,0,0,0
238,0,0,0,0
239,1,1,1,1
240,1,1,1,1
241,0,0,0,0
242,0,0,0,0
243,1,1,1,1
244,1,1,1,1
245,1,1,1,1
246,1,1,1,1
247,0,0,0,0
248,1,0,0,0
249,1,1,1,1
250,1,1,1,1
251,0,0,0,0
252,1,1,1,1
253,0,0,0,0
254,0,0,0,0
255,0,0,0,0
256,0,0,0,0
257,0,0,0,0
258,0,0,0,0
259,1,1,1,1
260,0,0,0,0
261,1,1,1,1
262,0,0,0,0
263,1,1,1,1
264,0,0,0,0
265,0,0,0,0
266,1,0,0,0
267,0,0,0,0
268,0,0,0,0
269,0,0,0,0
270,1,1,1,1
271,1,0,0,0
272,0,0,0,0
273,1,0,0,0
274,0,1,1,1
275,1,1,1,1
276,1,1,1,1
277,1,1,1,1
278,0,0,0,0
279,1,1,1,1
280,1,1,1,1
281,0,0,0,0
282,1,0,0,0
283,1,1,1,1
284,0,0,0,0
285,0,0,0,0
286,1,1,1,1
287,1,1,1,1
288,1,1,1,1
289,1,1,1,1
290,1,1,1,1
291,0,0,0,0
292,0,0,0,0
293,1,1,1,1
294,1,1,1,1
295,1,1,1,1
296,0,0,0,0
297,1,1,1,1
298,0,0,0,0
299,1,1,1,1
300,1,1,1,1
301,0,0,0,0
302,1,1,1,1
303,1,1,1,1
304,1,1,1,1
305,0,0,0,0
306,1,1,1,1
307,1,1,1,1
308,1,1,1,1
309,1,1,1,1
310,1,1,1,1
311,1,1,1,1
312,0,1,1,1
313,1,1,1,1
314,1,1,1,1
315,0,0,0,0
316,1,1,1,1
317,1,1,1,1
318,0,0,0,0
319,0,0,0,0
320,1,1,1,1
321,0,0,0,0
322,0,0,0,0
323,1,1,1,1
324,1,0,0,0
325,1,1,1,1
326,1,1,1,1
327,1,1,1,1
328,0,0,0,0
329,0,0,0,0
330,0,0,0,0
331,1,1,1,1
332,1,1,1,1
333,1,1,1,1
334,1,1,1,1
335,0,0,0,0
336,1,1,1,1
337,0,0,0,0
338,0,0,0,0
339,1,1,1,1
340,0,0,0,0
341,1,1,1,1
342,0,0,0,0
343,0,0,0,0
344,1,1,1,1
345,1,1,1,1
346,0,0,0,0
347,0,0,0,0
348,0,0,0,0
349,0,0,0,0
350,0,0,0,0
351,1,1,1,1
352,1,1,1,1
353,1,1,1,1
354,1,1,1,1
355,0,0,0,0
356,0,0,0,0
357,0,0,0,0
358,1,0,0,0
359,1,1,1,1
360,1,1,1,1
361,0,0,0,0
362,1,1,1,1
363,0,0,0,0
364,0,0,0,0
365,0,0,0,0
366,1,1,1,1
367,1,1,1,1
368,0,0,0,0
369,1,1,1,1
370,0,0,0,0
371,1,1,1,1
372,1,1,1,1
373,0,0,0,0
374,0,0,0,0
375,1,0,0,0
376,0,0,0,0
377,0,0,0,0
378,0,0,0,0
379,0,0,0,0
380,0,0,0,0
381,1,1,1,1
382,0,0,0,0
383,1,1,1,1
384,0,0,0,0
385,0,0,0,0
386,1,1,1,1
387,1,1,1,1
388,0,0,0,0
389,1,1,1,1
390,0,0,0,0
391,0,0,0,0
392,0,0,0,0
393,1,1,1,1
394,1,1,1,1
395,0,0,0,0
396,1,1,1,1
397,1,1,1,1
398,1,1,1,1
399,0,1,1,1
400,1,1,1,1
401,1,1,1,1
402,0,0,0,0
403,0,0,0,0
404,1,1,1,1
405,0,1,1,1
406,1,1,1,1
407,0,0,0,0
408,0,0,0,0
409,0,0,0,0
410,1,1,1,1
411,0,0,0,0
412,0,0,0,0
413,0,0,0,0
414,1,1,1,1
415,1,1,1,1
416,1,1,1,1
417,1,1,1,1
418,1,1,1,1
419,0,0,0,0
420,0,0,0,0
421,1,1,1,1
422,1,0,0,0
423,0,0,0,0
424,1,1,1,1
425,1,1,1,1
426,1,1,1,1
427,1,1,1,1
428,1,1,1,1
429,0,0,0,0
430,1,1,1,1
431,0,0,0,0
432,0,0,0,0
433,1,1,1,1
434,0,0,0,0
435,1,1,1,1
436,0,0,0,0
437,1,1,1,1
438,1,1,1,1
439,1,1,1,1
440,1,1,1,1
441,0,0,0,0
442,0,0,0,0
443,1,1,1,1
444,0,0,0,0
445,1,1,1,1
446,0,0,0,0
447,1,0,0,0
448,1,0,0,0
449,0,1,1,1
450,1,1,1,1
451,1,1,1,1
452,0,0,0,0
453,1,1,1,1
454,0,0,0,0
455,1,1,1,1
456,0,0,0,0
457,1,1,1,1
458,1,1,1,1
459,1,1,1,1
460,1,1,1,1
461,0,0,0,0
462,0,0,0,0
463,0,0,0,0
464,1,0,0,0
465,0,0,0,0
466,1,1,1,1
467,1,1,1,1
468,1,1,1,1
469,0,0,0,0
470,1,1,1,1
471,0,0,0,0
472,1,0,0,0
473,1,1,1,1
474,0,0,0,0
475,1,1,1,1
476,0,0,0,0
477,0,0,0,0
478,0,0,0,0
479,1,1,1,1
480,1,1,1,1
481,1,1,1,1
482,1,1,1,1
483,1,1,1,1
484,1,1,1,1
485,1,1,1,1
486,0,0,0,0
487,0,0,0,0
488,1,1,1,1
489,0,0,0,0
490,0,0,0,0
491,0,0,0,0
492,1,1,1,1
493,0,0,0,0
494,0,1,1,1
495,1,0,0,0
496,1,0,0,0
497,0,0,0,0
498,1,1,1,1
499,1,1,1,1
500,0,0,0,0
501,1,0,0,0
502,0,0,0,0
503,0,0,0,0
504,1,1,1,1
505,1,1,1,1
506,1,1,1,1
507,1,1,1,1
508,1,1,1,1
509,1,1,1,1
510,1,1,1,1
511,1,1,1,1
512,0,0,0,0
513,0,0,0,0
514,1,1,1,1
515,0,0,0,0
516,0,0,0,0
517,1,0,0,0
518,1,1,1,1
519,0,1,1,1
520,1,1,1,1
521,0,0,0,0
522,0,0,0,0
523,1,1,1,1
524,1,1,1,1
525,1,1,1,1
526,0,0,0,0
527,0,0,0,0
528,1,1,1,1
529,0,0,0,0
530,1,1,1,1
531,0,0,0,0
532,1,1,1,1
533,1,1,1,1
534,1,1,1,1
535,1,1,1,1
536,0,0,0,0
537,1,1,1,1
538,0,0,0,0
539,0,0,0,0
540,1,1,1,1
541,1,1,1,1
542,0,0,0,0
543,0,0,0,0
544,0,1,1,1
545,0,0,0,0
546,1,0,0,0
547,0,0,0,0
548,0,0,0,0
549,0,0,0,0
550,0,0,0,0
551,0,0,0,0
552,0,0,0,0
553,1,1,1,1
554,0,0,0,0
555,0,0,0,0
556,0,0,0,0
557,1,1,1,1
558,1,1,1,1
559,0,0,0,0
560,0,0,0,0
561,1,0,0,0
562,0,0,0,0
563,1,1,1,1
564,0,0,0,0
565,1,1,1,1
566,0,0,0,0
567,1,1,1,1
568,0,0,0,0
569,1,1,1,1
570,1,1,1,1
571,0,0,0,0
572,0,0,0,0
573,1,1,1,1
574,0,0,0,0
575,0,0,0,0
576,0,0,0,0
577,1,1,1,1
578,0,0,0,0
579,0,1,1,1
580,0,0,0,0
581,0,0,0,0
582,0,0,0,0
583,0,0,0,0
584,0,0,0,0
585,0,0,0,0
586,0,0,0,0
587,0,0,0,0
588,1,1,1,1
589,1,1,1,1
590,0,0,0,0
591,0,0,0,0
592,0,0,0,0
593,1,1,1,1
594,1,1,1,1
595,0,0,0,0
596,0,0,0,0
597,0,0,0,0
598,0,0,0,0
599,0,0,0,0
600,0,0,0,0
601,0,0,0,0
602,1,1,1,1
603,1,1,1,1
604,0,1,1,1
605,1,0,0,0
606,0,0,0,0
607,1,1,1,1
608,1,1,1,1
609,1,1,1,1
610,0,0,0,0
611,1,1,1,1
612,0,1,1,1
613,1,1,1,1
614,1,1,1,1
615,0,0,0,0
616,1,1,1,1
617,0,0,0,0
618,0,0,0,0
619,0,0,0,0
620,0,0,0,0
621,1,1,1,1
622,1,1,1,1
623,1,1,1,1
624,1,1,1,1
625,1,1,1,1
626,1,0,0,0
627,0,0,0,0
628,1,1,1,1
629,0,0,0,0
630,1,1,1,1
631,0,0,0,0
632,0,0,0,0
633,1,1,1,1
634,1,1,1,1
635,0,0,0,0
636,1,1,1,1
637,0,0,0,0
638,1,1,1,1
639,0,0,0,0
640,1,1,1,1
641,1,1,1,1
642,0,0,0,0
643,1,0,0,0
644,1,1,1,1
645,0,0,0,0
646,0,1,1,1
647,0,0,0,0
648,1,1,1,1
649,0,0,0,0
650,0,0,0,0
651,0,0,0,0
652,0,0,0,0
653,0,0,0,0
654,0,0,0,0
655,1,1,1,1
656,1,1,1,1
657,0,0,0,0
658,1,1,1,1
659,0,0,0,0
660,1,1,1,1
661,0,0,0,0
662,0,0,0,0
663,1,1,1,1
664,1,1,1,1
665,1,1,1,1
666,1,1,1,1
667,1,0,0,0
668,0,0,0,0
669,1,1,1,1
670,0,0,0,0
671,1,1,1,1
672,0,0,0,0
673,1,0,0,0
674,1,1,1,1
675,1,1,1,1
676,0,0,0,0
677,1,1,1,1
678,1,1,1,1
679,1,1,1,1
680,1,1,1,1
681,0,0,0,0
682,0,0,0,0
683,1,1,1,1
684,1,1,1,1
685,1,0,0,0
686,1,1,1,1
687,0,0,0,0
688,0,0,0,0
689,0,0,0,0
690,0,0,0,0
691,1,1,1,1
692,0,0,0,0
693,0,0,0,0
694,0,0,0,0
695,0,1,1,1
696,1,1,1,1
697,1,1,1,1
698,1,1,1,1
699,1,0,0,0
700,0,0,0,0
701,0,0,0,0
702,0,0,0,0
703,0,0,0,0
704,0,0,0,0
705,0,0,0,0
706,0,0,0,0
707,0,0,0,0
708,1,1,1,1
709,0,0,0,0
710,0,0,0,0
711,0,0,0,0
712,0,0,0,0
713,0,0,0,0
714,1,1,1,1
715,0,0,0,0
716,0,0,0,0
717,1,1,1,1
718,1,1,1,1
719,0,0,0,0
720,1,1,1,1
721,1,1,1,1
722,0,0,0,0
723,1,1,1,1
724,0,0,0,0
725,1,1,1,1
726,1,1,1,1
727,0,0,0,0
728,1,1,1,1
729,1,1,1,1
730,0,0,0,0
731,0,0,0,0
732,0,0,0,0
733,0,0,0,0
734,0,0,0,0
735,0,1,1,1
736,0,1,1,1
737,1,1,1,1
738,1,1,1,1
739,1,1,1,1
740,1,1,1,1
741,1,0,0,0
742,1,1,1,1
743,0,0,0,0
744,1,1,1,1
745,0,0,0,0
746,1,1,1,1
747,1,1,1,1
748,0,0,0,0
749,1,1,1,0
750,0,0,0,0
751,0,0,0,0
752,0,0,0,0
753,1,1,1,1
754,1,1,1,1
755,1,1,1,1
756,0,0,0,0
757,0,0,0,0
758,1,1,1,1
759,0,0,0,0
760,1,0,0,0
761,0,0,0,0
762,1,1,1,1
763,1,1,1,1
764,0,0,0,0
765,0,0,0,0
766,1,1,1,1
767,1,1,1,1
768,1,1,1,1
769,1,1,1,1
770,0,1,1,1
771,0,1,1,1
772,1,1,1,1
773,1,1,1,1
774,0,0,0,0
775,0,0,0,0
776,0,0,0,0
777,1,1,1,1
778,1,1,1,1
779,0,0,0,0
780,1,1,1,1
781,0,0,0,0
782,1,1,1,1
783,1,1,1,1
784,1,1,1,1
785,1,0,0,0
786,0,0,0,0
787,0,0,0,0
788,1,1,1,1
789,0,0,0,0
790,0,0,0,0
791,0,1,1,1
792,1,1,1,1
793,1,1,1,1
794,1,1,1,1
795,0,0,0,0
796,1,1,1,1
797,0,0,0,0
798,0,0,0,0
799,1,1,1,1
800,0,0,0,0
801,0,0,0,0
802,0,0,0,0
803,1,1,1,1
804,0,0,0,0
805,0,0,0,0
806,1,1,1,1
807,1,1,1,1
808,1,1,1,1
809,1,1,1,1
810,1,1,1,1
811,0,0,0,0
812,1,1,1,1
813,0,0,0,0
814,0,0,0,0
815,1,1,1,1
816,1,1,1,1
817,1,1,1,1
818,0,0,0,0
819,0,0,0,0
820,1,1,1,1
821,1,1,1,1
822,0,0,0,0
823,1,1,1,1
824,0,0,0,0
825,1,1,1,1
826,1,1,1,1
827,0,0,0,0
828,0,0,0,0
829,0,0,0,0
830,1,1,1,1
831,1,1,1,1
832,0,0,0,0
833,0,0,0,0
834,1,0,0,0
835,1,1,1,1
836,0,0,0,0
837,1,1,1,1
838,0,0,0,0
839,0,0,0,0
840,0,0,0,0
841,1,1,1,1
842,0,0,0,0
843,0,0,0,0
844,0,0,0,0
845,0,0,0,0
846,0,0,0,0
847,1,1,1,1
848,1,1,1,1
849,1,1,1,1
850,1,1,1,1
851,0,0,0,0
852,0,0,0,0
853,1,1,1,1
854,0,0,0,0
855,1,1,1,1
856,1,1,1,1
857,1,1,1,1
858,1,1,1,1
859,1,1,1,1
860,1,1,1,1
861,1,1,1,1
862,0,1,1,1
863,0,0,0,0
864,0,0,0,0
865,1,0,0,0
866,1,1,1,1
867,0,0,0,0
868,1,1,1,1
869,0,0,0,0
870,0,0,0,0
871,1,1,1,1
