model,checkpoint,noise_percent,seed,mcc,accuracy,eval_loss,positive_rate
Clean,models/wise-tern-584,0.0,0,0.8353346054679,0.9174311926605505,0.23734356503967846,0.49311926605504586
Clean,models/wise-tern-584,2.0,1001,0.8353346054679,0.9174311926605505,0.23720148725247164,0.49311926605504586
Clean,models/wise-tern-584,2.0,1002,0.8353346054679,0.9174311926605505,0.2371015286226885,0.49311926605504586
Clean,models/wise-tern-584,2.0,1003,0.8353346054679,0.9174311926605505,0.23728113655650288,0.49311926605504586
Clean,models/wise-tern-584,2.0,1004,0.8353346054679,0.9174311926605505,0.2370646262387617,0.49311926605504586
Clean,models/wise-tern-584,2.0,1005,0.8354803401532374,0.9174311926605505,0.2372185965196802,0.4908256880733945
Clean,models/wise-tern-584,4.0,1001,0.8329742245301741,0.9162844036697247,0.23710117427580948,0.49426605504587157
Clean,models/wise-tern-584,4.0,1002,0.8307462426380269,0.9151376146788991,0.2368739176233974,0.49311926605504586
Clean,models/wise-tern-584,4.0,1003,0.8331110117806915,0.9162844036697247,0.23723580202925096,0.4919724770642202
Clean,models/wise-tern-584,4.0,1004,0.8353346054679,0.9174311926605505,0.23683583627053356,0.49311926605504586
Clean,models/wise-tern-584,4.0,1005,0.8354803401532374,0.9174311926605505,0.2371360774433941,0.4908256880733945
Clean,models/wise-tern-584,6.0,1001,0.8329742245301741,0.9162844036697247,0.237041051234674,0.49426605504587157
Clean,models/wise-tern-584,6.0,1002,0.8307462426380269,0.9151376146788991,0.2366554015273348,0.49311926605504586
Clean,models/wise-tern-584,6.0,1003,0.8331110117806915,0.9162844036697247,0.23720659684697423,0.4919724770642202
Clean,models/wise-tern-584,6.0,1004,0.8329742245301741,0.9162844036697247,0.23665528122438204,0.49426605504587157
Clean,models/wise-tern-584,6.0,1005,0.8331110117806915,0.9162844036697247,0.23709969126850095,0.4919724770642202
Clean,models/wise-tern-584,8.0,1001,0.8329742245301741,0.9162844036697247,0.23702049911569018,0.49426605504587157
Clean,models/wise-tern-584,8.0,1002,0.8307462426380269,0.9151376146788991,0.23645764097161248,0.49311926605504586
Clean,models/wise-tern-584,8.0,1003,0.8331110117806915,0.9162844036697247,0.2372101643763551,0.4919724770642202
Clean,models/wise-tern-584,8.0,1004,0.8329742245301741,0.9162844036697247,0.23651185166945152,0.49426605504587157
Clean,models/wise-tern-584,8.0,1005,0.8331110117806915,0.9162844036697247,0.23710382094077015,0.4919724770642202
Clean,models/wise-tern-584,10.0,1001,0.8329742245301741,0.9162844036697247,0.23703880047579423,0.49426605504587157
Clean,models/wise-tern-584,10.0,1002,0.8283859944736367,0.9139908256880734,0.2362727265839183,0.49426605504587157
Clean,models/wise-tern-584,10.0,1003,0.8331110117806915,0.9162844036697247,0.23724522065678869,0.4919724770642202
Clean,models/wise-tern-584,10.0,1004,0.8306183506896472,0.9151376146788991,0.23641197178341927,0.4954128440366973
Clean,models/wise-tern-584,10.0,1005,0.8331110117806915,0.9162844036697247,0.23714002338024454,0.4919724770642202
Clean,models/wise-tern-584,12.0,1001,0.8283859944736367,0.9139908256880734,0.23709209687119231,0.49426605504587157
Clean,models/wise-tern-584,12.0,1002,0.8282669461292079,0.9139908256880734,0.236102528528336,0.49655963302752293
Clean,models/wise-tern-584,12.0,1003,0.8331110117806915,0.9162844036697247,0.23731852015224073,0.4919724770642202
Clean,models/wise-tern-584,12.0,1004,0.8306183506896472,0.9151376146788991,0.23635784201665755,0.4954128440366973
Clean,models/wise-tern-584,12.0,1005,0.8331110117806915,0.9162844036697247,0.23720783706105084,0.4919724770642202
Clean,models/wise-tern-584,14.0,1001,0.8283859944736367,0.9139908256880734,0.2371810095025859,0.49426605504587157
Clean,models/wise-tern-584,14.0,1002,0.8282669461292079,0.9139908256880734,0.23595074994848408,0.49655963302752293
Clean,models/wise-tern-584,14.0,1003,0.8331110117806915,0.9162844036697247,0.2374367451449053,0.4919724770642202
Clean,models/wise-tern-584,14.0,1004,0.8305079498603134,0.9151376146788991,0.23635323550723014,0.49770642201834864
Clean,models/wise-tern-584,14.0,1005,0.8331110117806915,0.9162844036697247,0.23730180460378664,0.4919724770642202
Clean,models/wise-tern-584,16.0,1001,0.8307462426380269,0.9151376146788991,0.2373138983315284,0.49311926605504586
Clean,models/wise-tern-584,16.0,1002,0.8259199732481409,0.9128440366972477,0.2358191866393483,0.49770642201834864
Clean,models/wise-tern-584,16.0,1003,0.8331110117806915,0.9162844036697247,0.2376138792125457,0.4919724770642202
Clean,models/wise-tern-584,16.0,1004,0.8305079498603134,0.9151376146788991,0.23639917592389867,0.49770642201834864
Clean,models/wise-tern-584,16.0,1005,0.8307462426380269,0.9151376146788991,0.23741915904053854,0.49311926605504586
Clean,models/wise-tern-584,18.0,1001,0.8307462426380269,0.9151376146788991,0.23749115270212157,0.49311926605504586
Clean,models/wise-tern-584,18.0,1002,0.8259199732481409,0.9128440366972477,0.2357155511138636,0.49770642201834864
Clean,models/wise-tern-584,18.0,1003,0.8354803401532374,0.9174311926605505,0.23785051730794643,0.4908256880733945
Clean,models/wise-tern-584,18.0,1004,0.8327532754776469,0.9162844036697247,0.23649937734691376,0.4988532110091743
Clean,models/wise-tern-584,18.0,1005,0.8307462426380269,0.9151376146788991,0.237559241986056,0.49311926605504586
Clean,models/wise-tern-584,20.0,1001,0.8283859944736367,0.9139908256880734,0.23771063122180625,0.49426605504587157
Clean,models/wise-tern-584,20.0,1002,0.8281653350683839,0.9139908256880734,0.23564999694124275,0.4988532110091743
Clean,models/wise-tern-584,20.0,1003,0.8288478989683334,0.9139908256880734,0.2381377613872563,0.4873853211009174
Clean,models/wise-tern-584,20.0,1004,0.8327532754776469,0.9162844036697247,0.2366554496485159,0.4988532110091743
Clean,models/wise-tern-584,20.0,1005,0.8307462426380269,0.9151376146788991,0.23771610828714634,0.49311926605504586
NAF-Full,artifacts/sst2-naf-full-no-analog-slicing-layer1-head12/model,0.0,0,0.805232074609112,0.9025229357798165,0.2833939626676227,0.5240825688073395
NAF-Full,artifacts/sst2-naf-full-no-analog-slicing-layer1-head12/model,2.0,1001,0.805232074609112,0.9025229357798165,0.28293455850093735,0.5240825688073395
NAF-Full,artifacts/sst2-naf-full-no-analog-slicing-layer1-head12/model,2.0,1002,0.805232074609112,0.9025229357798165,0.2838275935671745,0.5240825688073395
NAF-Full,artifacts/sst2-naf-full-no-analog-slicing-layer1-head12/model,2.0,1003,0.8075781195513656,0.9036697247706422,0.2833897214417064,0.5252293577981652
NAF-Full,artifacts/sst2-naf-full-no-analog-slicing-layer1-head12/model,2.0,1004,0.8076897998757182,0.9036697247706422,0.2842026369287333,0.5275229357798165
NAF-Full,artifacts/sst2-naf-full-no-analog-slicing-layer1-head12/model,2.0,1005,0.805232074609112,0.9025229357798165,0.28307274065980126,0.5240825688073395
NAF-Full,artifacts/sst2-naf-full-no-analog-slicing-layer1-head12/model,4.0,1001,0.8053346541090305,0.9025229357798165,0.28250835357456033,0.5263761467889908
NAF-Full,artifacts/sst2-naf-full-no-analog-slicing-layer1-head12/model,4.0,1002,0.805232074609112,0.9025229357798165,0.28427795095181246,0.5240825688073395
NAF-Full,artifacts/sst2-naf-full-no-analog-slicing-layer1-head12/model,4.0,1003,0.8075781195513656,0.9036697247706422,0.28336040908043536,0.5252293577981652
NAF-Full,artifacts/sst2-naf-full-no-analog-slicing-layer1-head12/model,4.0,1004,0.8076897998757182,0.9036697247706422,0.2850617093777438,0.5275229357798165
NAF-Full,artifacts/sst2-naf-full-no-analog-slicing-layer1-head12/model,4.0,1005,0.805232074609112,0.9025229357798165,0.28279558015525885,0.5240825688073395
NAF-Full,artifacts/sst2-naf-full-no-analog-slicing-layer1-head12/model,6.0,1001,0.8076897998757182,0.9036697247706422,0.2821221767215554,0.5275229357798165
NAF-Full,artifacts/sst2-naf-full-no-analog-slicing-layer1-head12/model,6.0,1002,0.80298433941197,0.9013761467889908,0.28476775020634365,0.5252293577981652
NAF-Full,artifacts/sst2-naf-full-no-analog-slicing-layer1-head12/model,6.0,1003,0.8099289794589316,0.9048165137614679,0.2833163825743789,0.5263761467889908
NAF-Full,artifacts/sst2-naf-full-no-analog-slicing-layer1-head12/model,6.0,1004,0.8100498174887841,0.9048165137614679,0.2859574501667548,0.5286697247706422
NAF-Full,artifacts/sst2-naf-full-no-analog-slicing-layer1-head12/model,6.0,1005,0.805232074609112,0.9025229357798165,0.282564132585438,0.5240825688073395
NAF-Full,artifacts/sst2-naf-full-no-analog-slicing-layer1-head12/model,8.0,1001,0.8075781195513656,0.9036697247706422,0.28178411886232707,0.5252293577981652
NAF-Full,artifacts/sst2-naf-full-no-analog-slicing-layer1-head12/model,8.0,1002,0.8053346541090305,0.9025229357798165,0.28527846905069615,0.5263761467889908
NAF-Full,artifacts/sst2-naf-full-no-analog-slicing-layer1-head12/model,8.0,1003,0.8054543283740327,0.9025229357798165,0.28325971769630365,0.5286697247706422
NAF-Full,artifacts/sst2-naf-full-no-analog-slicing-layer1-head12/model,8.0,1004,0.8078186402634263,0.9036697247706422,0.2868898921056625,0.5298165137614679
NAF-Full,artifacts/sst2-naf-full-no-analog-slicing-layer1-head12/model,8.0,1005,0.805232074609112,0.9025229357798165,0.282374583253073,0.5240825688073395
NAF-Full,artifacts/sst2-naf-full-no-analog-slicing-layer1-head12/model,10.0,1001,0.8075781195513656,0.9036697247706422,0.2814957308113028,0.5252293577981652
NAF-Full,artifacts/sst2-naf-full-no-analog-slicing-layer1-head12/model,10.0,1002,0.8053346541090305,0.9025229357798165,0.2858099653086531,0.5263761467889908
NAF-Full,artifacts/sst2-naf-full-no-analog-slicing-layer1-head12/model,10.0,1003,0.8054543283740327,0.9025229357798165,0.2831837212273834,0.5286697247706422
NAF-Full,artifacts/sst2-naf-full-no-analog-slicing-layer1-head12/model,10.0,1004,0.8078186402634263,0.9036697247706422,0.28783307381726186,0.5298165137614679
NAF-Full,artifacts/sst2-naf-full-no-analog-slicing-layer1-head12/model,10.0,1005,0.805232074609112,0.9025229357798165,0.2822241105070902,0.5240825688073395
NAF-Full,artifacts/sst2-naf-full-no-analog-slicing-layer1-head12/model,12.0,1001,0.8075781195513656,0.9036697247706422,0.2812773262688873,0.5252293577981652
NAF-Full,artifacts/sst2-naf-full-no-analog-slicing-layer1-head12/model,12.0,1002,0.8030949048764252,0.9013761467889908,0.28637668845850395,0.5275229357798165
NAF-Full,artifacts/sst2-naf-full-no-analog-slicing-layer1-head12/model,12.0,1003,0.8054543283740327,0.9025229357798165,0.2830828832923819,0.5286697247706422
NAF-Full,artifacts/sst2-naf-full-no-analog-slicing-layer1-head12/model,12.0,1004,0.8032225325387832,0.9013761467889908,0.2887938635064921,0.5298165137614679
NAF-Full,artifacts/sst2-naf-full-no-analog-slicing-layer1-head12/model,12.0,1005,0.805232074609112,0.9025229357798165,0.2821122068877614,0.5240825688073395
NAF-Full,artifacts/sst2-naf-full-no-analog-slicing-layer1-head12/model,14.0,1001,0.8053346541090305,0.9025229357798165,0.2811327111830405,0.5263761467889908
NAF-Full,artifacts/sst2-naf-full-no-analog-slicing-layer1-head12/model,14.0,1002,0.8032225325387832,0.9013761467889908,0.28696854180152265,0.5298165137614679
NAF-Full,artifacts/sst2-naf-full-no-analog-slicing-layer1-head12/model,14.0,1003,0.8053346541090305,0.9025229357798165,0.28295975431389764,0.5263761467889908
NAF-Full,artifacts/sst2-naf-full-no-analog-slicing-layer1-head12/model,14.0,1004,0.8009943801045107,0.9002293577981652,0.2897784666183892,0.5309633027522935
NAF-Full,artifacts/sst2-naf-full-no-analog-slicing-layer1-head12/model,14.0,1005,0.8028908043461923,0.9013761467889908,0.28203795371799295,0.5229357798165137
NAF-Full,artifacts/sst2-naf-full-no-analog-slicing-layer1-head12/model,16.0,1001,0.8054543283740327,0.9025229357798165,0.28103638788975704,0.5286697247706422
NAF-Full,artifacts/sst2-naf-full-no-analog-slicing-layer1-head12/model,16.0,1002,0.801146987933636,0.9002293577981652,0.2875846197845739,0.533256880733945
NAF-Full,artifacts/sst2-naf-full-no-analog-slicing-layer1-head12/model,16.0,1003,0.8075781195513656,0.9036697247706422,0.2828255902736559,0.5252293577981652
NAF-Full,artifacts/sst2-naf-full-no-analog-slicing-layer1-head12/model,16.0,1004,0.8032225325387832,0.9013761467889908,0.2907981610079424,0.5298165137614679
NAF-Full,artifacts/sst2-naf-full-no-analog-slicing-layer1-head12/model,16.0,1005,0.8006388152673325,0.9002293577981652,0.28200346832975337,0.5240825688073395
NAF-Full,artifacts/sst2-naf-full-no-analog-slicing-layer1-head12/model,18.0,1001,0.8032225325387832,0.9013761467889908,0.28099955768760193,0.5298165137614679
NAF-Full,artifacts/sst2-naf-full-no-analog-slicing-layer1-head12/model,18.0,1002,0.801146987933636,0.9002293577981652,0.28824248226410754,0.533256880733945
NAF-Full,artifacts/sst2-naf-full-no-analog-slicing-layer1-head12/model,18.0,1003,0.8075781195513656,0.9036697247706422,0.282671781854892,0.5252293577981652
NAF-Full,artifacts/sst2-naf-full-no-analog-slicing-layer1-head12/model,18.0,1004,0.8032225325387832,0.9013761467889908,0.29185781347642253,0.5298165137614679
NAF-Full,artifacts/sst2-naf-full-no-analog-slicing-layer1-head12/model,18.0,1005,0.8028908043461923,0.9013761467889908,0.28199255794560146,0.5229357798165137
NAF-Full,artifacts/sst2-naf-full-no-analog-slicing-layer1-head12/model,20.0,1001,0.8008588392592813,0.9002293577981652,0.2810242066689588,0.5286697247706422
NAF-Full,artifacts/sst2-naf-full-no-analog-slicing-layer1-head12/model,20.0,1002,0.801146987933636,0.9002293577981652,0.28895434764547084,0.533256880733945
NAF-Full,artifacts/sst2-naf-full-no-analog-slicing-layer1-head12/model,20.0,1003,0.8075781195513656,0.9036697247706422,0.28250429389673637,0.5252293577981652
NAF-Full,artifacts/sst2-naf-full-no-analog-slicing-layer1-head12/model,20.0,1004,0.8055911309630356,0.9025229357798165,0.29296254674229055,0.5309633027522935
NAF-Full,artifacts/sst2-naf-full-no-analog-slicing-layer1-head12/model,20.0,1005,0.805232074609112,0.9025229357798165,0.28200519850494665,0.5240825688073395
