model,noise_percent,runs,mcc_mean,mcc_std,mcc_min,mcc_max,accuracy_mean,accuracy_std,accuracy_min,accuracy_max,eval_loss_mean,eval_loss_std,eval_loss_min,eval_loss_max,positive_rate_mean,positive_rate_std,positive_rate_min,positive_rate_max
Clean,0.0,1,0.8353346054679,0.0,0.8353346054679,0.8353346054679,0.9174311926605505,0.0,0.9174311926605505,0.9174311926605505,0.23734356503967846,0.0,0.23734356503967846,0.23734356503967846,0.49311926605504586,0.0,0.49311926605504586,0.49311926605504586
NAF-Full,0.0,1,0.805232074609112,0.0,0.805232074609112,0.805232074609112,0.9025229357798165,0.0,0.9025229357798165,0.9025229357798165,0.2833939626676227,0.0,0.2833939626676227,0.2833939626676227,0.5240825688073395,0.0,0.5240825688073395,0.5240825688073395
Clean,2.0,5,0.8353637524049674,6.517453261879652e-05,0.8353346054679,0.8354803401532374,0.9174311926605505,0.0,0.9174311926605505,0.9174311926605505,0.23717347503802094,8.865097659749863e-05,0.2370646262387617,0.23728113655650288,0.49266055045871554,0.0010257192557338423,0.4908256880733945,0.49311926605504586
NAF-Full,2.0,5,0.8061928286508839,0.0013161590626974728,0.805232074609112,0.8076897998757182,0.9029816513761467,0.0006281221989738562,0.9025229357798165,0.9036697247706422,0.28348545021967053,0.0005278242395448382,0.28293455850093735,0.2842026369287333,0.525,0.0014952299094501036,0.5240825688073395,0.5275229357798165
Clean,4.0,5,0.8335292849140059,0.0019553879156374247,0.8307462426380269,0.8354803401532374,0.91651376146789,0.00095947250749323,0.9151376146788991,0.9174311926605505,0.23703656152847713,0.00017357899543456884,0.23683583627053356,0.23723580202925096,0.49266055045871554,0.0013075406251136874,0.4908256880733945,0.49426605504587157
NAF-Full,4.0,5,0.8062133445508677,0.001298114923458841,0.805232074609112,0.8076897998757182,0.9029816513761467,0.0006281221989738562,0.9025229357798165,0.9036697247706422,0.2836008006279621,0.0010597636064882889,0.28250835357456033,0.2850617093777438,0.5254587155963303,0.0014952299094501036,0.5240825688073395,0.5275229357798165
Clean,6.0,5,0.8325833430519516,0.0010292452532629332,0.8307462426380269,0.8331110117806915,0.9160550458715596,0.0005128596278669088,0.9151376146788991,0.9162844036697247,0.23693160442037317,0.00025908260030711765,0.23665528122438204,0.23720659684697423,0.4931192660550458,0.0011467889908256812,0.4919724770642202,0.49426605504587157
NAF-Full,6.0,5,0.8071770021689032,0.003059843646385368,0.80298433941197,0.8100498174887841,0.9034403669724771,0.0014952299094501589,0.9013761467889908,0.9048165137614679,0.28374557845089415,0.0015931625931856581,0.2821221767215554,0.2859574501667548,0.5263761467889908,0.0018132326033075373,0.5240825688073395,0.5286697247706422
Clean,8.0,5,0.8325833430519516,0.0010292452532629332,0.8307462426380269,0.8331110117806915,0.9160550458715596,0.0005128596278669088,0.9151376146788991,0.9162844036697247,0.2368607954147759,0.00035032862862205216,0.23645764097161248,0.2372101643763551,0.4931192660550458,0.0011467889908256812,0.4919724770642202,0.49426605504587157
NAF-Full,8.0,5,0.8062835633813934,0.0012967290439609652,0.805232074609112,0.8078186402634263,0.9029816513761467,0.0006281221989738562,0.9025229357798165,0.9036697247706422,0.28391735619361247,0.00212437850964339,0.28178411886232707,0.2868898921056625,0.5268348623853212,0.0023780322652898604,0.5240825688073395,0.5298165137614679
Clean,10.0,5,0.8316401186509683,0.002105957360877799,0.8283859944736367,0.8331110117806915,0.9155963302752292,0.0010257192557338176,0.9139908256880734,0.9162844036697247,0.23682174857603303,0.00044639700630598944,0.2362727265839183,0.23724522065678869,0.4935779816513762,0.0015385788836007718,0.4919724770642202,0.4954128440366973
NAF-Full,10.0,5,0.8062835633813934,0.0012967290439609652,0.805232074609112,0.8078186402634263,0.9029816513761467,0.0006281221989738562,0.9025229357798165,0.9036697247706422,0.2841093203343382,0.0026457576100578977,0.2814957308113028,0.28783307381726186,0.5268348623853212,0.0023780322652898604,0.5240825688073395,0.5298165137614679
Clean,12.0,5,0.8306986629707751,0.0023930621596151462,0.8282669461292079,0.8331110117806915,0.9151376146788991,0.0011467889908256534,0.9139908256880734,0.9162844036697247,0.23681576492589546,0.0005480059922990892,0.236102528528336,0.23731852015224073,0.49403669724770644,0.0020514385114676894,0.4919724770642202,0.49655963302752293
NAF-Full,12.0,5,0.8049163919899438,0.0018480259620473733,0.8030949048764252,0.8075781195513656,0.9022935779816514,0.0009594725074932168,0.9013761467889908,0.9036697247706422,0.28432859368280533,0.0031586280424364547,0.2812773262688873,0.2887938635064921,0.5270642201834862,0.0023780322652898556,0.5240825688073395,0.5298165137614679
Clean,14.0,5,0.8306765828049082,0.002394497325040586,0.8282669461292079,0.8331110117806915,0.9151376146788991,0.0011467889908256534,0.9139908256880734,0.9162844036697247,0.23684470894139845,0.0006544559182629353,0.23595074994848408,0.2374367451449053,0.4944954128440367,0.0026150812502273735,0.4919724770642202,0.49770642201834864
NAF-Full,14.0,5,0.8035554050415094,0.0018332213044096389,0.8009943801045107,0.8053346541090305,0.901605504587156,0.0009594725074931769,0.9002293577981652,0.9025229357798165,0.28457548552696854,0.003664016948259354,0.2811327111830405,0.2897784666183892,0.5272935779816514,0.0031822103040164197,0.5229357798165137,0.5309633027522935
Clean,16.0,5,0.8302062840330399,0.002621260016397733,0.8259199732481409,0.8331110117806915,0.9149082568807339,0.0012562443979476365,0.9128440366972477,0.9162844036697247,0.23691305982957195,0.000769511362545005,0.2358191866393483,0.2376138792125457,0.4947247706422019,0.0027618336189890653,0.4919724770642202,0.49770642201834864
NAF-Full,16.0,5,0.80360815673303,0.0029236963387644843,0.8006388152673325,0.8075781195513656,0.9016055045871558,0.001495229909450142,0.9002293577981652,0.9036697247706422,0.28484964545713654,0.004171431970298443,0.28103638788975704,0.2907981610079424,0.528211009174312,0.0036804602146516346,0.5240825688073395,0.533256880733945
Clean,18.0,5,0.8311292148310157,0.0034999784936329114,0.8259199732481409,0.8354803401532374,0.9153669724770642,0.0017009629557559094,0.9128440366972477,0.9174311926605505,0.23702316809138027,0.0008909419799395902,0.2357155511138636,0.23785051730794643,0.4947247706422019,0.003401925911511772,0.4908256880733945,0.4988532110091743
NAF-Full,18.0,5,0.8036121953817521,0.002378543754586972,0.801146987933636,0.8075781195513656,0.9016055045871558,0.0012562443979476363,0.9002293577981652,0.9036697247706422,0.2851528386457251,0.004687625859348176,0.28099955768760193,0.29185781347642253,0.528211009174312,0.004102877022935395,0.5229357798165137,0.533256880733945
Clean,20.0,5,0.8297797493252055,0.0019489226619779207,0.8281653350683839,0.8327532754776469,0.9146788990825689,0.0010257192557338176,0.9139908256880734,0.9162844036697247,0.2371739894971935,0.0010126907554073965,0.23564999694124275,0.2381377613872563,0.4944954128440367,0.004756064530579747,0.4873853211009174,0.4988532110091743
NAF-Full,20.0,5,0.8040814304632861,0.002950680394244262,0.8008588392592813,0.8075781195513656,0.9018348623853211,0.0015385788836007595,0.9002293577981652,0.9036697247706422,0.2854901186916806,0.005216374503055786,0.2810242066689588,0.29296254674229055,0.528440366972477,0.0038378900299727973,0.5240825688073395,0.533256880733945
