0,18.072516813,0,27.4103504917,64.0780018176,0,0,29.4872413975,17.3579719732,0,40.3942258403,0,0,13.9468548129,0,30.8370126124,0,23.6480063614,0,17.9901359505,47.2825656343,0,31.7704778106,0,0,3.54106985613,0,62.2150510752,0,80.3926381804,0,0.227741545871,0,47.5051651466,0.81420536031,0,0,42.6491184736,0,33.7623058643,0,26.0754714659,47.3406982942,0,0,44.3485162434,0,44.810709831,34.4915954571,0,0,40.2271659102
15.2131692181,0,0,69.389480268,0,17.6140845385,5.97242007528,0,0,73.0493077923,0,53.3022469138,52.6147031706,0,0,14.072182399,0,22.3407575688,55.1688441716,0,62.3655261127,0,0,1.44584747233,0,17.8683434585,0,68.7116605661,0,54.0159645349,81.8731684888,0,0,33.0753743756,18.7248728071,0,0,30.2451201219,39.549427242,0,5.67027869282,0,39.7492157741,0,8.85968658575,0,17.8760968058,0,0,23.7155569355,60.684410441,0
0,44.4617788153,14.5161625422,0,0,70.9230786315,35.0796793647,0,0,49.079590978,48.3006907671,0,1.61327627449,0,0,10.1836294414,0,87.4083269007,85.2768620639,0,0,27.6275522607,20.7286780886,0,0,5.89584493816,0,1.93806896146,0,6.26299052386,0,5.13405239968,0,83.5979343015,0,53.2262913467,0,14.0240900368,0,15.0114201212,53.4518665958,0,64.2681068252,0,80.4345055805,0,0,97.6036240662,3.82988063589,0,116.388923236,0
0,5.80447327659,0,4.25857045563,0,57.0674002115,5.6931549502,0,54.0864953475,0,0,10.6017710961,0,5.18097596361,0,48.8365979901,47.1942389257,0,9.46690682148,0,0,29.0682432619,0,58.5831621622,0,75.1228830702,80.6886361972,0,5.038942497,0,0,6.49726338766,0,15.7115983653,58.5186458492,0,0,5.34173608802,67.0172643751,0,0,22.7305723259,0,32.2890325719,10.5060388097,0,0,37.0474899368,0,66.0317147807,27.2358152048,0
0,79.5482312449,0,65.2836028654,0,63.274386335,46.791294462,0,24.0694692714,0,0,26.4493608544,48.2039590654,0,31.9538052515,0,18.2722918395,0,3.07880930315,0,45.2376132521,0,11.8665346068,0,62.7842811472,0,32.8970462624,0,0,10.6470137739,0,30.3680729711,0,43.1250967902,0,22.2299822806,49.2066247733,0,0,8.54177683745,0,31.4257267821,32.1015431513,0,0,28.4716958368,0,27.5249186062,11.7862943839,0,0,77.2614968781
0,6.00771024188,33.8614528198,0,0,72.6076517401,71.3064624658,0,0,1.84738341317,27.4437363668,0,0,6.89552196643,0,97.5284698321,19.9638529773,0,0,15.8025215279,0,23.1188699524,7.83586939982,0,36.30839752,0,0,47.7820617249,0,41.8324160521,39.4764384078,0,7.8040625559,0,15.1466799602,0,4.61830736854,0,46.4855724039,0,27.0889619226,0,0,54.2734850604,40.7693667488,0,4.72758072005,0,0,48.9392406484,0,57.6415463267
0,33.3031150246,11.4590083639,0,0,64.6017674946,0,21.946051529,0,29.6979627233,0,15.4936830497,0,50.1928991689,0,62.8702803885,46.8751778239,0,0,56.7441163548,35.4639253074,0,31.5129145173,0,0,5.88209734966,0,12.0646056751,0,50.5091646088,2.10615109765,0,44.5174579555,0,29.5268938771,0,78.2336128895,0,8.89124526403,0,0,35.5457198011,15.9911060287,0,40.9243796722,0,0,35.818789789,35.0149694713,0,65.6674008718,0
0,15.8939579039,29.376162233,0,58.8496594185,0,39.8465282171,0,1.23133050658,0,0,45.3439699539,31.1755375534,0,0,43.2652265281,0,23.8164911337,0,20.4456949808,81.7833291516,0,43.1431898097,0,0,31.8341567756,22.4445819683,0,0,0.909194626912,47.1672096923,0,58.7460578616,0,62.0551221087,0,45.3959665637,0,0,2.76397095633,0,12.3111630194,0,41.1446922341,0,17.8904296376,77.1042645323,0,54.4057680372,0,0,6.20703958315
7.50355985448,0,0,58.9816047549,0,8.54823814777,0,23.4044754,19.6671346612,0,0,24.7109993913,15.3403459478,0,27.263582745,0,0,9.78584299635,2.02667900655,0,0,65.7051760712,90.0884797722,0,0,18.8651421031,0,53.0089050009,0,21.8967537909,0,1.75114185268,0,62.1874906211,2.31521404671,0,76.768091819,0,18.6541495395,0,0,33.53527426,14.5080591744,0,26.4794558619,0,8.17662107872,0,0,24.7323360088,57.800363331,0
19.5874222827,0,14.6033131369,0,30.4753728149,0,0,7.34790822816,1.91154576655,0,0,10.1517438147,12.6020311541,0,26.0611014938,0,0,9.04137140646,0,19.859083185,18.1073106483,0,48.7402669549,0,0,65.2463273737,0,74.5296040034,0,48.6466730573,0,59.0341190799,56.0970129186,0,73.987358146,0,0,8.88294325122,41.5905665395,0,0,43.3289640174,29.3782961199,0,3.11296246595,0,7.5396530423,0,48.1576438168,0,0,31.9978628118
67.8155091256,0,34.7540387785,0,0,5.97996577378,11.3856244905,0,0,0.0696342368638,57.5589054811,0,0,150,0,12.5448517654,33.4670213941,0,67.6715257861,0,0,101.458243046,0,25.6106960553,0,51.7571147569,0.110442879553,0,39.6574766473,0,0,51.2113394327,4.91172074864,0,0,102.569457867,0,8.00508797706,0,107.105759154,1.16619441259,0,0,16.9713704265,70.6865188172,0,3.49668675427,0,18.144706565,0,0,29.8927361712
54.5489005231,0,0,33.9412957525,56.0920023362,0,0,2.67889684953,0,30.9410328432,0,64.2106944646,0,41.6502388393,0,24.1438626893,43.1405066946,0,0,43.0603913987,0,44.2380673408,0,7.32613042731,0,31.3489158594,0,28.5315324549,5.11184804655,0,0,19.4947175046,11.2043915451,0,0,1.7483743275,5.66824384714,0,0,40.9887789365,0,10.3978397172,21.7410070625,0,0,9.73654413274,0,65.9302336051,31.7360542541,0,0,2.03480769733
65.7993687176,0,39.0302624771,0,0,36.9010823398,0,14.4111575271,10.2183039771,0,4.73742068454,0,14.5770739819,0,16.472432568,0,0,77.6365657567,55.1000510812,0,45.3358935974,0,0,97.9057176162,38.0664209045,0,0,28.7329394096,3.03007401751,0,0,13.3876222708,0.244688223676,0,0,45.3756271106,0,13.2300612885,8.52269903372,0,31.3136662097,0,10.8558668233,0,41.4144893618,0,53.1594880832,0,0,85.8777898094,0,0.621338243799
60.6581510276,0,0,9.95846611352,0,44.6365009298,0,17.8270579253,0,78.6891031913,58.056821415,0,24.7398856465,0,72.4558441488,0,0,43.0369996771,0,9.31090404922,0,5.35214835286,0,55.2446961957,0,14.5782996163,34.0471122298,0,0,17.5196420382,0,19.4457641596,0,30.9649557856,0,64.6860380174,130.205264308,0,0,20.6782323734,0,3.30176783971,19.5231243105,0,0,8.30909876145,0,4.22683029567,25.4013725604,0,0,5.39518511393
0,4.35880067381,0,13.5246097028,0,16.3363410083,0,28.2429962893,24.5991211447,0,0,28.7099280961,0,58.2877448868,67.5636564556,0,1.25304274894,0,12.4171516932,0,0,40.4784738537,20.2593782976,0,31.0038857149,0,0,29.5137214026,27.4700137877,0,0,33.8664161325,0,26.2323391602,0,35.7130633491,0,60.9318107606,0,63.2413606095,44.1425106274,0,0,3.94460631588,33.7881308472,0,0,68.5032644567,0,32.669773808,0.809892356889,0
27.1907087085,0,88.5700437102,0,0,11.5995927908,0,14.3415597272,0,47.4602589836,91.2428855432,0,0,13.2187143227,0,27.4021593374,0,65.9218061026,7.56387029449,0,0,59.7921711263,0,36.1695035457,5.63138477851,0,41.2796088054,0,8.63489409949,0,0,26.248847521,19.9312211655,0,0,6.73270279878,0,39.2358359134,0,47.1015048854,83.6528301162,0,55.2143580872,0,0,3.43315522556,0,59.7082112326,0,25.0624784661,0,38.8837355805
0,53.2522806478,7.40159754144,0,0,50.9889109914,3.48492308403,0,19.1347749125,0,8.3721575937,0,57.090899978,0,49.4032664976,0,4.03100115908,0,0,5.05316447015,19.5885860163,0,47.6230061213,0,74.3120465866,0,40.1281877748,0,0,42.2941999695,32.2763530523,0,49.6668690508,0,0,46.7560268047,0,94.1746930024,8.90264962869,0,0,71.8390968286,0,1.51451338489,0,25.2038102035,14.5733689421,0,0,65.0199507915,0,6.35271393791
0,8.21588639739,33.6855602188,0,0,10.6599949189,0,11.5794018994,13.7988726865,0,12.9832225773,0,24.3243314421,0,0,3.34608425762,13.1078827611,0,42.4302780235,0,0,48.5676517161,0,33.7280263678,24.934915701,0,52.9252917513,0,91.4588132828,0,0,18.4816175853,11.5224971248,0,0,73.5369504566,0,23.8143820072,0.792150975758,0,34.062040434,0,0,4.27417562864,32.8931228819,0,6.26986262991,0,0,49.9482945112,0,3.52309726172
49.128301222,0,0,84.353996521,0,21.0058402772,0,33.4646894249,0,113.975209097,8.07107809005,0,3.92365235742,0,61.7906687019,0,0,83.362603498,111.816084765,0,0,27.7220195213,0,2.644154223,0,78.5700106964,101.685920669,0,48.4854025333,0,41.9323755953,0,0,42.5280226462,0,58.0233770155,0,113.026772927,0,82.5724801227,58.3393453319,0,2.03145703917,0,75.9347234711,0,3.56369288326,0,29.6813845834,0,0,21.4528197919
0,12.4689828593,8.90401650926,0,59.1148691396,0,35.282148761,0,86.8984269863,0,0,32.1028284355,62.4140112631,0,0,49.8423069628,27.1723613334,0,0,25.5729501181,10.3661397927,0,26.5594203451,0,78.0584811047,0,0,40.6867439108,27.7860136173,0,0,4.30140153748,114.951331773,0,0,0.136485262338,33.1542336495,0,64.2832871341,0,0,20.1030755882,0,58.38972577,0,27.0689781173,54.4798733354,0,61.8305867919,0,12.8119972911,0
0,81.0430324843,0,34.4701282853,11.7017031028,0,0,16.6827656074,0,23.3762554218,0,32.7031416757,0,12.6595222975,14.3600455349,0,49.0610252621,0,0,56.6355447324,33.728469802,0,0,27.1571675188,2.56760384616,0,21.6157222442,0,39.996044356,0,7.6316881671,0,5.28515826177,0,6.9774025585,0,0,12.1822586967,0,7.84354396437,68.6312166336,0,0,43.7956729817,0,9.39699557886,90.4393736037,0,0,92.9009246243,0,0.364999353888
16.979241948,0,0,23.0858959984,0,0.730347040042,0,51.6091112466,13.3993170061,0,56.5846915978,0,0,5.16451487238,9.31732821911,0,56.4343966352,0,0,20.4682718638,0,53.9433943747,18.7282976055,0,63.6046075749,0,23.0636432501,0,0,59.8123169989,46.1916227384,0,0,38.1621892058,28.4487903173,0,0,21.1562387828,39.104552352,0,0,111.895614818,23.4254428641,0,0,32.000334339,36.2605628899,0,14.6134063317,0,0,5.0784458521
0,46.8427463454,58.1757608462,0,34.0188674913,0,0,49.3594362817,27.3694059751,0,62.4512237286,0,0,25.4716535192,0,27.3404026714,38.705384958,0,0,41.6140933172,44.8921801901,0,0,81.1791330477,0,16.5182908767,82.4026875569,0,109.476138283,0,0,59.9932967141,19.6494445592,0,0,21.6882946553,0,4.07409109851,0,33.6017038681,17.7794630198,0,0,59.7789986518,0,17.6234585594,0,12.4056167743,43.7874570672,0,0,22.0219215606
62.4817194026,0,0,17.7738131718,0,81.0538909971,0,5.42148110505,15.7449009558,0,0,51.6500692688,0,21.0809765038,80.2710156341,0,0,24.4003883014,0,30.0314770819,34.5323103782,0,0,37.2805878123,22.5510737262,0,0,35.5649472921,0,32.6526104249,39.325175543,0,6.04853039423,0,25.5972962363,0,0,14.55962473,36.4255249482,0,62.6849788772,0,0,32.6751760532,0,81.8486062808,49.5383766493,0,0,5.62052120111,0,1.88445308495
27.3566274144,0,51.8105969841,0,25.2047533455,0,0,86.0887204722,0,35.5611071962,58.3621157953,0,42.0322451011,0,68.5044664563,0,1.30791605429,0,51.0882357708,0,0,24.8290452012,81.9174218805,0,0,11.0559671099,0,52.8298430828,0,42.836580883,0,20.7340848357,0,66.5741947353,31.112011652,0,0,44.2063291504,64.1078717315,0,0,21.4862349292,73.6708631107,0,36.6209331598,0,0,6.51443689998,0,52.8315718012,0,10.3222555544
0,51.0875965051,0,11.2022711639,46.8988846765,0,36.7123661594,0,58.0798664925,0,10.9991489963,0,18.0884849493,0,11.7123522786,0,0,16.3323816128,0,23.0302663787,26.3481070233,0,0.63270314674,0,0,9.30224188673,24.9281854039,0,46.4559861078,0,0,34.6544123738,0,43.2245971426,51.384706484,0,52.6294513,0,25.6021807663,0,0,35.5229313303,8.5149152988,0,0,25.8204449769,0,8.53187609771,82.140714681,0,79.7704165851,0
