0,0,64.0780018176,0,17.3579719732,40.3942258403,0,0,0,0,47.2825656343,31.7704778106,0,0,0,0,0,0.81420536031,0,0,0,47.3406982942,0,0,34.4915954571,0
15.2131692181,0,0,5.97242007528,0,0,52.6147031706,0,0,55.1688441716,62.3655261127,0,0,0,0,81.8731684888,0,18.7248728071,0,39.549427242,5.67027869282,39.7492157741,8.85968658575,17.8760968058,0,60.684410441
0,14.5161625422,0,35.0796793647,0,48.3006907671,1.61327627449,0,0,85.2768620639,0,20.7286780886,0,0,0,0,0,0,0,0,53.4518665958,64.2681068252,80.4345055805,0,3.82988063589,116.388923236
0,0,0,5.6931549502,54.0864953475,0,0,0,47.1942389257,9.46690682148,0,0,0,80.6886361972,5.038942497,0,0,58.5186458492,0,67.0172643751,0,0,10.5060388097,0,0,27.2358152048
0,0,0,46.791294462,24.0694692714,0,48.2039590654,31.9538052515,18.2722918395,3.07880930315,45.2376132521,11.8665346068,62.7842811472,32.8970462624,0,0,0,0,49.2066247733,0,0,32.1015431513,0,0,11.7862943839,0
0,33.8614528198,0,71.3064624658,0,27.4437363668,0,0,19.9638529773,0,0,7.83586939982,36.30839752,0,0,39.4764384078,7.8040625559,15.1466799602,4.61830736854,46.4855724039,27.0889619226,0,40.7693667488,4.72758072005,0,0
0,11.4590083639,0,0,0,0,0,0,46.8751778239,0,35.4639253074,31.5129145173,0,0,0,2.10615109765,44.5174579555,29.5268938771,78.2336128895,8.89124526403,0,15.9911060287,40.9243796722,0,35.0149694713,65.6674008718
0,29.376162233,58.8496594185,39.8465282171,1.23133050658,0,31.1755375534,0,0,0,81.7833291516,43.1431898097,0,22.4445819683,0,47.1672096923,58.7460578616,62.0551221087,45.3959665637,0,0,0,0,77.1042645323,54.4057680372,0
7.50355985448,0,0,0,19.6671346612,0,15.3403459478,27.263582745,0,2.02667900655,0,90.0884797722,0,0,0,0,0,2.31521404671,76.768091819,18.6541495395,0,14.5080591744,26.4794558619,8.17662107872,0,57.800363331
19.5874222827,14.6033131369,30.4753728149,0,1.91154576655,0,12.6020311541,26.0611014938,0,0,18.1073106483,48.7402669549,0,0,0,0,56.0970129186,73.987358146,0,41.5905665395,0,29.3782961199,3.11296246595,7.5396530423,48.1576438168,0
67.8155091256,34.7540387785,0,11.3856244905,0,57.5589054811,0,0,33.4670213941,67.6715257861,0,0,0,0.110442879553,39.6574766473,0,4.91172074864,0,0,0,1.16619441259,0,70.6865188172,3.49668675427,18.144706565,0
54.5489005231,0,56.0920023362,0,0,0,0,0,43.1405066946,0,0,0,0,0,5.11184804655,0,11.2043915451,0,5.66824384714,0,0,21.7410070625,0,0,31.7360542541,0
65.7993687176,39.0302624771,0,0,10.2183039771,4.73742068454,14.5770739819,16.472432568,0,55.1000510812,45.3358935974,0,38.0664209045,0,3.03007401751,0,0.244688223676,0,0,8.52269903372,31.3136662097,10.8558668233,41.4144893618,53.1594880832,0,0
60.6581510276,0,0,0,0,58.056821415,24.7398856465,72.4558441488,0,0,0,0,0,34.0471122298,0,0,0,0,130.205264308,0,0,19.5231243105,0,0,25.4013725604,0
0,0,0,0,24.5991211447,0,0,67.5636564556,1.25304274894,12.4171516932,0,20.2593782976,31.0038857149,0,27.4700137877,0,0,0,0,0,44.1425106274,0,33.7881308472,0,0,0.809892356889
27.1907087085,88.5700437102,0,0,0,91.2428855432,0,0,0,7.56387029449,0,0,5.63138477851,41.2796088054,8.63489409949,0,19.9312211655,0,0,0,83.6528301162,55.2143580872,0,0,0,0
0,7.40159754144,0,3.48492308403,19.1347749125,8.3721575937,57.090899978,49.4032664976,4.03100115908,0,19.5885860163,47.6230061213,74.3120465866,40.1281877748,0,32.2763530523,49.6668690508,0,0,8.90264962869,0,0,0,14.5733689421,0,0
0,33.6855602188,0,0,13.7988726865,12.9832225773,24.3243314421,0,13.1078827611,42.4302780235,0,0,24.934915701,52.9252917513,91.4588132828,0,11.5224971248,0,0,0.792150975758,34.062040434,0,32.8931228819,6.26986262991,0,0
49.128301222,0,0,0,0,8.07107809005,3.92365235742,61.7906687019,0,111.816084765,0,0,0,101.685920669,48.4854025333,41.9323755953,0,0,0,0,58.3393453319,2.03145703917,75.9347234711,3.56369288326,29.6813845834,0
0,8.90401650926,59.1148691396,35.282148761,86.8984269863,0,62.4140112631,0,27.1723613334,0,10.3661397927,26.5594203451,78.0584811047,0,27.7860136173,0,114.951331773,0,33.1542336495,64.2832871341,0,0,0,54.4798733354,61.8305867919,12.8119972911
0,0,11.7017031028,0,0,0,0,14.3600455349,49.0610252621,0,33.728469802,0,2.56760384616,21.6157222442,39.996044356,7.6316881671,5.28515826177,6.9774025585,0,0,68.6312166336,0,0,90.4393736037,0,0
16.979241948,0,0,0,13.3993170061,56.5846915978,0,9.31732821911,56.4343966352,0,0,18.7282976055,63.6046075749,23.0636432501,0,46.1916227384,0,28.4487903173,0,39.104552352,0,23.4254428641,0,36.2605628899,14.6134063317,0
0,58.1757608462,34.0188674913,0,27.3694059751,62.4512237286,0,0,38.705384958,0,44.8921801901,0,0,82.4026875569,109.476138283,0,19.6494445592,0,0,0,17.7794630198,0,0,0,43.7874570672,0
62.4817194026,0,0,0,15.7449009558,0,0,80.2710156341,0,0,34.5323103782,0,22.5510737262,0,0,39.325175543,6.04853039423,25.5972962363,0,36.4255249482,62.6849788772,0,0,49.5383766493,0,0
27.3566274144,51.8105969841,25.2047533455,0,0,58.3621157953,42.0322451011,68.5044664563,1.30791605429,51.0882357708,0,81.9174218805,0,0,0,0,0,31.112011652,0,64.1078717315,0,73.6708631107,36.6209331598,0,0,0
0,0,46.8988846765,36.7123661594,58.0798664925,10.9991489963,18.0884849493,11.7123522786,0,0,26.3481070233,0.63270314674,0,24.9281854039,46.4559861078,0,0,51.384706484,52.6294513,25.6021807663,0,8.5149152988,0,0,82.140714681,79.7704165851
