18.072516813,27.4103504917,0,29.4872413975,0,0,13.9468548129,30.8370126124,23.6480063614,17.9901359505,0,0,3.54106985613,62.2150510752,80.3926381804,0.227741545871,47.5051651466,0,42.6491184736,33.7623058643,26.0754714659,0,44.3485162434,44.810709831,0,40.2271659102
0,69.389480268,17.6140845385,0,73.0493077923,53.3022469138,0,14.072182399,22.3407575688,0,0,1.44584747233,17.8683434585,68.7116605661,54.0159645349,0,33.0753743756,0,30.2451201219,0,0,0,0,0,23.7155569355,0
44.4617788153,0,70.9230786315,0,49.079590978,0,0,10.1836294414,87.4083269007,0,27.6275522607,0,5.89584493816,1.93806896146,6.26299052386,5.13405239968,83.5979343015,53.2262913467,14.0240900368,15.0114201212,0,0,0,97.6036240662,0,0
5.80447327659,4.25857045563,57.0674002115,0,0,10.6017710961,5.18097596361,48.8365979901,0,0,29.0682432619,58.5831621622,75.1228830702,0,0,6.49726338766,15.7115983653,0,5.34173608802,0,22.7305723259,32.2890325719,0,37.0474899368,66.0317147807,0
79.5482312449,65.2836028654,63.274386335,0,0,26.4493608544,0,0,0,0,0,0,0,0,10.6470137739,30.3680729711,43.1250967902,22.2299822806,0,8.54177683745,31.4257267821,0,28.4716958368,27.5249186062,0,77.2614968781
6.00771024188,0,72.6076517401,0,1.84738341317,0,6.89552196643,97.5284698321,0,15.8025215279,23.1188699524,0,0,47.7820617249,41.8324160521,0,0,0,0,0,0,54.2734850604,0,0,48.9392406484,57.6415463267
33.3031150246,0,64.6017674946,21.946051529,29.6979627233,15.4936830497,50.1928991689,62.8702803885,0,56.7441163548,0,0,5.88209734966,12.0646056751,50.5091646088,0,0,0,0,0,35.5457198011,0,0,35.818789789,0,0
15.8939579039,0,0,0,0,45.3439699539,0,43.2652265281,23.8164911337,20.4456949808,0,0,31.8341567756,0,0.909194626912,0,0,0,0,2.76397095633,12.3111630194,41.1446922341,17.8904296376,0,0,6.20703958315
0,58.9816047549,8.54823814777,23.4044754,0,24.7109993913,0,0,9.78584299635,0,65.7051760712,0,18.8651421031,53.0089050009,21.8967537909,1.75114185268,62.1874906211,0,0,0,33.53527426,0,0,0,24.7323360088,0
0,0,0,7.34790822816,0,10.1517438147,0,0,9.04137140646,19.859083185,0,0,65.2463273737,74.5296040034,48.6466730573,59.0341190799,0,0,8.88294325122,0,43.3289640174,0,0,0,0,31.9978628118
0,0,5.97996577378,0,0.0696342368638,0,150,12.5448517654,0,0,101.458243046,25.6106960553,51.7571147569,0,0,51.2113394327,0,102.569457867,8.00508797706,107.105759154,0,16.9713704265,0,0,0,29.8927361712
0,33.9412957525,0,2.67889684953,30.9410328432,64.2106944646,41.6502388393,24.1438626893,0,43.0603913987,44.2380673408,7.32613042731,31.3489158594,28.5315324549,0,19.4947175046,0,1.7483743275,0,40.9887789365,10.3978397172,0,9.73654413274,65.9302336051,0,2.03480769733
0,0,36.9010823398,14.4111575271,0,0,0,0,77.6365657567,0,0,97.9057176162,0,28.7329394096,0,13.3876222708,0,45.3756271106,13.2300612885,0,0,0,0,0,85.8777898094,0.621338243799
0,9.95846611352,44.6365009298,17.8270579253,78.6891031913,0,0,0,43.0369996771,9.31090404922,5.35214835286,55.2446961957,14.5782996163,0,17.5196420382,19.4457641596,30.9649557856,64.6860380174,0,20.6782323734,3.30176783971,0,8.30909876145,4.22683029567,0,5.39518511393
4.35880067381,13.5246097028,16.3363410083,28.2429962893,0,28.7099280961,58.2877448868,0,0,0,40.4784738537,0,0,29.5137214026,0,33.8664161325,26.2323391602,35.7130633491,60.9318107606,63.2413606095,0,3.94460631588,0,68.5032644567,32.669773808,0
0,0,11.5995927908,14.3415597272,47.4602589836,0,13.2187143227,27.4021593374,65.9218061026,0,59.7921711263,36.1695035457,0,0,0,26.248847521,0,6.73270279878,39.2358359134,47.1015048854,0,0,3.43315522556,59.7082112326,25.0624784661,38.8837355805
53.2522806478,0,50.9889109914,0,0,0,0,0,0,5.05316447015,0,0,0,0,42.2941999695,0,0,46.7560268047,94.1746930024,0,71.8390968286,1.51451338489,25.2038102035,0,65.0199507915,6.35271393791
8.21588639739,0,10.6599949189,11.5794018994,0,0,0,3.34608425762,0,0,48.5676517161,33.7280263678,0,0,0,18.4816175853,0,73.5369504566,23.8143820072,0,0,4.27417562864,0,0,49.9482945112,3.52309726172
0,84.353996521,21.0058402772,33.4646894249,113.975209097,0,0,0,83.362603498,0,27.7220195213,2.644154223,78.5700106964,0,0,0,42.5280226462,58.0233770155,113.026772927,82.5724801227,0,0,0,0,0,21.4528197919
12.4689828593,0,0,0,0,32.1028284355,0,49.8423069628,0,25.5729501181,0,0,0,40.6867439108,0,4.30140153748,0,0.136485262338,0,0,20.1030755882,58.38972577,27.0689781173,0,0,0
81.0430324843,34.4701282853,0,16.6827656074,23.3762554218,32.7031416757,12.6595222975,0,0,56.6355447324,0,27.1571675188,0,0,0,0,0,0,12.1822586967,7.84354396437,0,43.7956729817,9.39699557886,0,92.9009246243,0.364999353888
0,23.0858959984,0.730347040042,51.6091112466,0,0,5.16451487238,0,0,20.4682718638,53.9433943747,0,0,0,59.8123169989,0,38.1621892058,0,21.1562387828,0,111.895614818,0,32.000334339,0,0,5.0784458521
46.8427463454,0,0,49.3594362817,0,0,25.4716535192,27.3404026714,0,41.6140933172,0,81.1791330477,16.5182908767,0,0,59.9932967141,0,21.6882946553,4.07409109851,33.6017038681,0,59.7789986518,17.6234585594,12.4056167743,0,22.0219215606
0,17.7738131718,81.0538909971,5.42148110505,0,51.6500692688,21.0809765038,0,24.4003883014,30.0314770819,0,37.2805878123,0,35.5649472921,32.6526104249,0,0,0,14.55962473,0,0,32.6751760532,81.8486062808,0,5.62052120111,1.88445308495
0,0,0,86.0887204722,35.5611071962,0,0,0,0,0,24.8290452012,0,11.0559671099,52.8298430828,42.836580883,20.7340848357,66.5741947353,0,44.2063291504,0,21.4862349292,0,0,6.51443689998,52.8315718012,10.3222555544
51.0875965051,11.2022711639,0,0,0,0,0,0,16.3323816128,23.0302663787,0,0,9.30224188673,0,0,34.6544123738,43.2245971426,0,0,0,35.5229313303,0,25.8204449769,8.53187609771,0,0
