9.01814467093,0,77.2576683592,0,8.55783702375,0,0,20.0926261038,0,2.93432075635,17.9254016683,0,0,49.6372776601,0,18.8067786731,16.4158637148,0,0,73.1694525531,2.29945001554,0,37.4600762088,0,0,17.3148968371,0,47.0756026954,0,62.8399583452,0,49.4079328619,40.4982192983,0,64.049298901,0,78.1807897406,0,7.10794605559,0,54.2540419074,0,24.9625162681,0,0,63.734440004,0,81.9839793231,3.28660319995,0,0,27.5175654592
0,3.02815240448,0,45.1236279878,24.9768583859,0,24.5248168197,0,0,46.8757166608,0,62.4708914061,98.8200143439,0,11.8104280492,0,0,44.4319212633,32.1017639292,0,31.7172309166,0,99.9148672299,0,0,40.3842079186,0,48.3566760971,0,90.3257592628,74.6072832557,0,3.21218259792,0,32.8200204867,0,0,42.3347671099,15.6682696919,0,0,4.70243525482,30.3155671003,0,0,2.03579118844,42.6751498133,0,0,46.1353081635,0,9.8500470444
0,53.5203459842,0,47.6072670529,18.2250304113,0,28.2454412957,0,35.6191839195,0,9.16847706353,0,46.8337675239,0,47.6753498254,0,0,40.3666608582,36.9813690755,0,0,26.8216878581,13.8102743603,0,0,42.0064207463,76.6880432378,0,36.669276667,0,5.16049332167,0,0,94.6940247289,7.24486053336,0,44.2577816005,0,0,16.9805467703,0,34.9102395006,38.1706030681,0,0,10.6055799771,0,73.642666771,35.5549849142,0,150,0
0,76.924345432,0,33.8596415296,0,6.12703944887,0,70.7744880164,0,58.7578942483,64.1286479368,0,19.866461766,0,5.2569971463,0,46.867713207,0,4.67527114111,0,52.2765522961,0,47.5742561447,0,0,64.1756359556,97.9232625176,0,0,23.8032173291,34.3465657794,0,0,17.3081853758,29.0736474134,0,0,6.35164749775,0,0.784714532689,0,67.6736660436,0,10.7307819478,21.8991320303,0,39.4325848052,0,12.1498681878,0,0,42.6663228673
0,66.4675882974,5.20309401889,0,0,2.82310452057,0,23.7355284974,0,26.3544895844,0,6.84572945264,78.2530433897,0,37.9524221531,0,0,84.5390129347,5.70939203516,0,86.5412918862,0,43.3314107635,0,60.7355040449,0,0,43.3039328325,4.33408608927,0,0,15.2251663543,34.5998675231,0,5.40275971371,0,0,21.7363721392,10.5335399908,0,38.5844813358,0,44.4319568738,0,15.4850237635,0,0,1.17833690976,38.9101435601,0,71.9918186719,0
0,71.0964200436,0,28.1836103868,0,45.9233368247,0,24.0525663103,6.18378028582,0,24.5320635509,0,0,30.3022821684,23.1594712343,0,39.0283436216,0,0,31.5647490981,0,37.6888467881,13.4086160488,0,78.4883930038,0,34.4071191626,0,0,24.2504559328,0,21.5203834939,0,24.108915432,0,11.2518744463,0,77.7726046972,0,44.3201444408,0,36.0968872826,62.3056899719,0,0,56.0627111701,0,87.5975252146,0,19.0957999465,0,3.56821415661
0,55.0628136096,0,74.8194816112,94.1864953692,0,1.10514215652,0,45.6429666705,0,0,57.8942646129,23.0991092574,0,0,23.4208654579,46.4838323112,0,29.7978843047,0,38.2136116165,0,59.9198016544,0,0,15.9867831137,0,28.2652073337,49.6091988023,0,0,45.7486674561,0,19.4616018505,5.33431193385,0,0,4.80078359065,0,38.9815069474,0,44.0363512299,21.8219374281,0,0,9.29244602165,0,52.9448851966,91.1948862649,0,0,65.1695287001
44.9705341144,0,0,24.522263994,0,13.6404591442,34.3820939029,0,0,24.8674207263,0,76.547301747,0,22.4952268613,0,6.10955303753,0,24.1504172123,2.35742887283,0,70.7208408392,0,0.749089454123,0,4.97032838969,0,0,32.6838994548,0,0.451498958583,77.3112977311,0,35.5157822351,0,3.42301022849,0,3.5333259088,0,0,28.4146155232,56.4191274888,0,0,55.9116515449,0,10.9283343836,46.4374096088,0,40.7291799217,0,19.9025418518,0
48.8350538335,0,43.4528869885,0,30.1129724441,0,0,4.02015389912,0,26.5881076393,7.14995918001,0,16.6123912367,0,0,6.73710137488,0,22.8592704981,13.5148142682,0,0,16.7443870179,54.6493671188,0,0,16.4937794291,17.8183309923,0,0,32.7328683061,24.8088793349,0,25.7282415857,0,8.28335595142,0,0,69.339612983,9.78248173658,0,0,46.5384988381,22.3870511478,0,23.1941892196,0,0,62.6929093495,83.8372284464,0,36.7016710689,0
37.849334286,0,0,23.4725050947,45.5055057945,0,0,26.0960243222,0,17.8515177272,0,25.1391842745,0,99.4351852599,0,100.518705113,67.3867569163,0,0,32.9433929694,0,24.5334256515,0,15.4805134745,0,27.3356070719,0,30.9767111366,0,49.9847780067,13.5698858643,0,17.9679650858,0,23.2965114616,0,49.3616169908,0,0,26.70224143,0,24.0142716982,51.1741188307,0,22.3598981624,0,0,37.1012027675,10.0000828685,0,15.8398020004,0
0,2.42230920665,26.2186912724,0,54.147437506,0,13.8278347746,0,12.3712718506,0,19.8563061043,0,0,34.2530126163,0,32.0121946877,18.3206345151,0,0,33.6215076216,0,98.7769879902,0,4.25366762645,36.8130361453,0,25.5843062807,0,95.803353272,0,0,37.6942195181,45.8543059234,0,0,76.7492932508,0,13.2754228655,0,99.6515455895,10.7414038841,0,0,56.3069366946,15.6834341891,0,0,25.6295716428,0,7.30285218817,0,57.1166164638
37.4270742032,0,0.65773071684,0,33.9509022685,0,0,12.87221216,35.6208220013,0,26.8903537521,0,0,72.2690684585,2.56955294716,0,0,15.3652078767,0,5.40298172275,0,50.9018812182,19.408936187,0,0,8.15024956858,0,6.54652580964,28.6267025961,0,0,0.688756967152,0,14.1226472012,31.7157553076,0,0,19.748889339,0,14.8970915206,0,0.354549690067,0,16.8375072912,0,27.7582655468,67.4023097902,0,83.5607220284,0,0,7.90383344365
0,2.49042119088,0,52.6831660274,0,57.5149062471,0,51.6690954987,0,6.37507640672,0,47.1955654753,60.1470676912,0,23.5851899842,0,43.294420385,0,17.6474229799,0,0,81.5952821109,41.2786628695,0,74.4421263346,0,0,5.12426689907,44.2473343781,0,29.2143132319,0,0,33.5489601861,0,9.68291596771,0,42.0252987481,68.6715649663,0,56.8874675232,0,0,9.92594075153,35.6104660307,0,16.744283525,0,0,118.54449493,0,11.9718447578
0,15.916015089,0,98.92367643,0,20.1556054504,0,12.18800144,0,3.38765932274,0,140.914335091,0,65.464481343,11.8600913047,0,39.6532050375,0,0,14.6131057905,43.5139678518,0,6.84331406104,0,17.2058508927,0,0,73.0078299714,0,23.0258050994,3.24972410415,0,10.7591835255,0,0,9.25997149619,0,15.2797939323,0,35.1672692156,17.9564206157,0,11.5667956616,0,0,24.7675956687,3.70893394723,0,0,9.9657443574,15.5985955764,0
0,4.54508537344,71.2534889361,0,68.4292178943,0,0,20.8871424887,0,20.3406775284,85.8963061019,0,46.0319977309,0,0,14.1371940793,31.5272846552,0,0,11.8388819297,4.92795693489,0,0,31.123820225,9.25803239467,0,0,22.7739589338,16.1082593387,0,0,18.0905252046,0,34.8833469168,17.3220200444,0,0,31.5490626849,46.2811731111,0,0,13.1136800984,62.3632320445,0,0,55.6778910481,0,30.7929855797,0,18.5705766333,6.22913634336,0
0,11.3823189463,45.3802147976,0,0,82.8464026538,5.22284670297,0,59.9753896023,0,11.8584554486,0,0,54.2810658048,0,50.0990030492,20.726924295,0,32.9113190618,0,0,5.75960558375,0,68.1774830114,0,2.9279125405,17.6711039442,0,21.5398512942,0,0,13.8540451954,0,26.3668931572,0,13.0361471967,0,11.4504551345,14.9701942569,0,19.6479492285,0,0,40.6382752875,47.4762917343,0,0,77.7141768141,0,80.0408137563,70.0695876117,0
0,32.0941677702,10.206889576,0,0,32.5915993352,0,12.0985234503,0,10.6106411155,64.558720067,0,80.3932149942,0,0,21.0041740816,0,84.7870309745,22.5169737318,0,74.4064001278,0,0,14.1594917994,104.328963374,0,0,43.7698602574,0,62.5337216339,0,0.225561081112,0,66.707496052,0,13.4600765204,60.4254837208,0,28.4105114162,0,14.9779161654,0,63.3156163318,0,4.97473462927,0,0,0.303937123352,0,44.3019519406,0,30.8700021295
0,26.1834814175,113.118740866,0,18.2845043521,0,0,2.50565301417,31.7668696899,0,14.3060934386,0,0,50.4431693653,18.0887936454,0,46.0575126346,0,24.1641762087,0,20.1278849231,0,0,42.9250418542,0,29.8749987833,41.0880444604,0,57.6770718885,0,0,66.2015914202,46.6112065208,0,0,25.6132464667,28.1062332809,0,0,26.9046424542,17.9635160024,0,0,34.6742177388,37.0027420361,0,42.3851114157,0,0,59.4876507629,0,24.9653495263
147.038828947,0,0,53.4247185111,0,41.1478789572,0,29.649958401,0,80.3169373617,0.634363778435,0,20.5305369893,0,94.9072513368,0,0,24.8633945173,0,18.4832975903,0,8.29071173969,0,89.9912255795,18.1225412452,0,27.8212894065,0,0,41.2431236177,46.8867069429,0,0,20.5206662114,0,61.4108433058,97.0196823831,0,0,33.6257964579,0,19.5404545653,10.0995840934,0,0,62.4247313309,21.466522654,0,26.7563359637,0,0,23.3110026983
47.0620796184,0,0,74.3673532445,0,43.8641389839,0,63.7153483393,41.0285438118,0,19.7244004621,0,0,8.25453205584,91.2194040754,0,0,38.2173551675,0,27.8021042644,0,3.58524124849,0,15.805149672,0,26.1301725399,0,12.8567282813,6.23239859651,0,0,88.9301047138,0,51.5526225451,0,1.96177774209,50.0599116528,0,50.7534389627,0,0,11.4580935809,38.4421507277,0,0,30.8069849467,11.6185165348,0,23.6468962565,0,4.22580354438,0
61.7923026895,0,50.5748346368,0,0,5.55733976801,0,48.5103887026,49.1454302623,0,0,27.4954469043,107.521237492,0,15.365553966,0,0,34.6028632541,39.2354763874,0,25.4446331041,0,0,22.7341686818,60.9025705776,0,40.9628691975,0,38.326438948,0,0,23.4129755126,103.130163519,0,3.51982258447,0,0,64.9384968558,65.0396127931,0,0,52.9061543562,12.6376582173,0,0.725655885186,0,53.2228338387,0,0,39.0846348763,0,62.5283667091
9.82203495631,0,18.5577090115,0,0,92.9857992557,64.869501565,0,0,6.04417777377,43.8769676567,0,3.97666600036,0,0,5.63693195658,0,0.794680248669,0.827835268001,0,0,28.3392548604,34.5261716498,0,27.911168014,0,0,30.440473059,0,84.765451028,0,22.5904425883,0,22.2626081253,6.63501393942,0,67.3305680416,0,23.7927589783,0,0,33.0554724809,35.587283613,0,40.088422881,0,0,62.1970958354,21.3626446794,0,0,83.2436552821
0,51.8434933375,0,30.4208427859,0,64.6815138795,36.5207787702,0,0,7.86148535822,26.0975756034,0,68.7440812427,0,0,58.0032549159,0,20.3254206665,16.4386210325,0,26.8710461989,0,0,143.766217603,0,5.33380448462,147.065679244,0,98.9544972941,0,0,15.0346469869,56.6690506889,0,0,14.4944394544,1.94684109623,0,36.3527351751,0,77.7208537777,0,0,56.7230851299,7.01016860016,0,13.7781670678,0,11.7983583246,0,0,34.939847383
64.8603941866,0,0,35.0893245679,1.53590138801,0,0,32.90276142,29.2060516022,0,0,2.84904368966,0,14.8417584101,17.6987743944,0,15.1477903613,0,0,25.0518139797,0,6.91134953839,0,38.8272379283,3.1978307428,0,0,64.4521334709,0,64.2831172648,15.8451669407,0,0,9.06179977199,42.4920986296,0,0,119.12098397,47.6350788321,0,14.1591935617,0,0,23.7746466017,0,47.8547642895,23.5693789344,0,0,126.385814188,0,69.210547276
30.7648755628,0,0,9.09156623227,0,43.3118383574,0,17.7744967261,0,5.43583349665,35.2430060141,0,0,2.18218528533,0,44.566626779,31.5495167184,0,32.0660733329,0,0,73.3714262517,48.4205968956,0,0,2.75181708372,0,88.003867416,0,56.0528515205,0,37.9553244067,19.5652572596,0,0,23.572261157,64.6259927013,0,75.8450632252,0,0,59.9837001964,48.2877297706,0,86.225480409,0,0,20.8896263191,12.3704027325,0,72.6190081225,0
34.9804277423,0,0,44.4694858607,35.8668658855,0,0,24.9652694027,0,37.2531415262,0,62.5476275235,0,0.813405167212,0,8.58814264885,0,4.7175118387,0,51.4025199514,14.6614970845,0,0,28.6198720623,0,128.080133772,0,6.82863364367,42.8548625151,0,0,63.6732256014,0,10.9131476299,69.3985527666,0,87.9410505422,0,20.8457097037,0,0,2.37475587166,5.09546971133,0,4.26266344391,0,0,36.7974187274,97.124653154,0,30.4319821869,0
