0,0,0,20.0926261038,2.93432075635,0,49.6372776601,18.8067786731,0,73.1694525531,0,0,17.3148968371,47.0756026954,62.8399583452,49.4079328619,0,0,0,0,0,0,63.734440004,81.9839793231,0,27.5175654592
3.02815240448,45.1236279878,0,0,46.8757166608,62.4708914061,0,0,44.4319212633,0,0,0,40.3842079186,48.3566760971,90.3257592628,0,0,0,42.3347671099,0,4.70243525482,0,2.03579118844,0,46.1353081635,9.8500470444
53.5203459842,47.6072670529,0,0,0,0,0,0,40.3666608582,0,26.8216878581,0,42.0064207463,0,0,0,94.6940247289,0,0,16.9805467703,34.9102395006,0,10.6055799771,73.642666771,0,0
76.924345432,33.8596415296,6.12703944887,70.7744880164,58.7578942483,0,0,0,0,0,0,0,64.1756359556,0,23.8032173291,0,17.3081853758,0,6.35164749775,0.784714532689,67.6736660436,10.7307819478,0,0,0,42.6663228673
66.4675882974,0,2.82310452057,23.7355284974,26.3544895844,6.84572945264,0,0,84.5390129347,0,0,0,0,43.3039328325,0,15.2251663543,0,0,21.7363721392,0,0,0,0,1.17833690976,0,0
71.0964200436,28.1836103868,45.9233368247,24.0525663103,0,0,30.3022821684,0,0,31.5647490981,37.6888467881,0,0,0,24.2504559328,21.5203834939,24.108915432,11.2518744463,77.7726046972,44.3201444408,36.0968872826,0,56.0627111701,87.5975252146,19.0957999465,3.56821415661
55.0628136096,74.8194816112,0,0,0,57.8942646129,0,23.4208654579,0,0,0,0,15.9867831137,28.2652073337,0,45.7486674561,19.4616018505,0,4.80078359065,38.9815069474,44.0363512299,0,9.29244602165,52.9448851966,0,65.1695287001
0,24.522263994,13.6404591442,0,24.8674207263,76.547301747,22.4952268613,6.10955303753,24.1504172123,0,0,0,0,32.6838994548,0.451498958583,0,0,0,0,28.4146155232,0,55.9116515449,10.9283343836,0,0,0
0,0,0,4.02015389912,26.5881076393,0,0,6.73710137488,22.8592704981,0,16.7443870179,0,16.4937794291,0,32.7328683061,0,0,0,69.339612983,0,46.5384988381,0,0,62.6929093495,0,0
0,23.4725050947,0,26.0960243222,17.8515177272,25.1391842745,99.4351852599,100.518705113,0,32.9433929694,24.5334256515,15.4805134745,27.3356070719,30.9767111366,49.9847780067,0,0,0,0,26.70224143,24.0142716982,0,0,37.1012027675,0,0
2.42230920665,0,0,0,0,0,34.2530126163,32.0121946877,0,33.6215076216,98.7769879902,4.25366762645,0,0,0,37.6942195181,0,76.7492932508,13.2754228655,99.6515455895,0,56.3069366946,0,25.6295716428,7.30285218817,57.1166164638
0,0,0,12.87221216,0,0,72.2690684585,0,15.3652078767,5.40298172275,50.9018812182,0,8.15024956858,6.54652580964,0,0.688756967152,14.1226472012,0,19.748889339,14.8970915206,0.354549690067,16.8375072912,27.7582655468,0,0,7.90383344365
2.49042119088,52.6831660274,57.5149062471,51.6690954987,6.37507640672,47.1955654753,0,0,0,0,81.5952821109,0,0,5.12426689907,0,0,33.5489601861,9.68291596771,42.0252987481,0,0,9.92594075153,0,0,118.54449493,11.9718447578
15.916015089,98.92367643,20.1556054504,12.18800144,3.38765932274,140.914335091,65.464481343,0,0,14.6131057905,0,0,0,73.0078299714,23.0258050994,0,0,9.25997149619,15.2797939323,35.1672692156,0,0,24.7675956687,0,9.9657443574,0
4.54508537344,0,0,20.8871424887,20.3406775284,0,0,14.1371940793,0,11.8388819297,0,31.123820225,0,22.7739589338,0,18.0905252046,34.8833469168,0,31.5490626849,0,13.1136800984,0,55.6778910481,30.7929855797,18.5705766333,0
11.3823189463,0,82.8464026538,0,0,0,54.2810658048,50.0990030492,0,0,5.75960558375,68.1774830114,2.9279125405,0,0,13.8540451954,26.3668931572,13.0361471967,11.4504551345,0,0,40.6382752875,0,77.7141768141,80.0408137563,0
32.0941677702,0,32.5915993352,12.0985234503,10.6106411155,0,0,21.0041740816,84.7870309745,0,0,14.1594917994,0,43.7698602574,62.5337216339,0.225561081112,66.707496052,13.4600765204,0,0,0,0,0,0.303937123352,44.3019519406,30.8700021295
26.1834814175,0,0,2.50565301417,0,0,50.4431693653,0,0,0,0,42.9250418542,29.8749987833,0,0,66.2015914202,0,25.6132464667,0,26.9046424542,0,34.6742177388,0,0,59.4876507629,24.9653495263
0,53.4247185111,41.1478789572,29.649958401,80.3169373617,0,0,0,24.8633945173,18.4832975903,8.29071173969,89.9912255795,0,0,41.2431236177,0,20.5206662114,61.4108433058,0,33.6257964579,19.5404545653,0,62.4247313309,0,0,23.3110026983
0,74.3673532445,43.8641389839,63.7153483393,0,0,8.25453205584,0,38.2173551675,27.8021042644,3.58524124849,15.805149672,26.1301725399,12.8567282813,0,88.9301047138,51.5526225451,1.96177774209,0,0,11.4580935809,0,30.8069849467,0,0,0
0,0,5.55733976801,48.5103887026,0,27.4954469043,0,0,34.6028632541,0,0,22.7341686818,0,0,0,23.4129755126,0,0,64.9384968558,0,52.9061543562,0,0,0,39.0846348763,62.5283667091
0,0,92.9857992557,0,6.04417777377,0,0,5.63693195658,0.794680248669,0,28.3392548604,0,0,30.440473059,84.765451028,22.5904425883,22.2626081253,0,0,0,33.0554724809,0,0,62.1970958354,0,83.2436552821
51.8434933375,30.4208427859,64.6815138795,0,7.86148535822,0,0,58.0032549159,20.3254206665,0,0,143.766217603,5.33380448462,0,0,15.0346469869,0,14.4944394544,0,0,0,56.7230851299,0,0,0,34.939847383
0,35.0893245679,0,32.90276142,0,2.84904368966,14.8417584101,0,0,25.0518139797,6.91134953839,38.8272379283,0,64.4521334709,64.2831172648,0,9.06179977199,0,119.12098397,0,0,23.7746466017,47.8547642895,0,126.385814188,69.210547276
0,9.09156623227,43.3118383574,17.7744967261,5.43583349665,0,2.18218528533,44.566626779,0,0,73.3714262517,0,2.75181708372,88.003867416,56.0528515205,37.9553244067,0,23.572261157,0,0,59.9837001964,0,0,20.8896263191,0,0
0,44.4694858607,0,24.9652694027,37.2531415262,62.5476275235,0.813405167212,8.58814264885,4.7175118387,51.4025199514,0,28.6198720623,128.080133772,6.82863364367,0,63.6732256014,10.9131476299,0,0,0,2.37475587166,0,0,36.7974187274,0,0
