9.01814467093,77.2576683592,8.55783702375,0,0,17.9254016683,0,0,16.4158637148,0,2.29945001554,37.4600762088,0,0,0,0,40.4982192983,64.049298901,78.1807897406,7.10794605559,54.2540419074,24.9625162681,0,0,3.28660319995,0
0,0,24.9768583859,24.5248168197,0,0,98.8200143439,11.8104280492,0,32.1017639292,31.7172309166,99.9148672299,0,0,0,74.6072832557,3.21218259792,32.8200204867,0,15.6682696919,0,30.3155671003,0,42.6751498133,0,0
0,0,18.2250304113,28.2454412957,35.6191839195,9.16847706353,46.8337675239,47.6753498254,0,36.9813690755,0,13.8102743603,0,76.6880432378,36.669276667,5.16049332167,0,7.24486053336,44.2577816005,0,0,38.1706030681,0,0,35.5549849142,150
0,0,0,0,0,64.1286479368,19.866461766,5.2569971463,46.867713207,4.67527114111,52.2765522961,47.5742561447,0,97.9232625176,0,34.3465657794,0,29.0736474134,0,0,0,0,21.8991320303,39.4325848052,12.1498681878,0
0,5.20309401889,0,0,0,0,78.2530433897,37.9524221531,0,5.70939203516,86.5412918862,43.3314107635,60.7355040449,0,4.33408608927,0,34.5998675231,5.40275971371,0,10.5335399908,38.5844813358,44.4319568738,15.4850237635,0,38.9101435601,71.9918186719
0,0,0,0,6.18378028582,24.5320635509,0,23.1594712343,39.0283436216,0,0,13.4086160488,78.4883930038,34.4071191626,0,0,0,0,0,0,0,62.3056899719,0,0,0,0
0,0,94.1864953692,1.10514215652,45.6429666705,0,23.0991092574,0,46.4838323112,29.7978843047,38.2136116165,59.9198016544,0,0,49.6091988023,0,0,5.33431193385,0,0,0,21.8219374281,0,0,91.1948862649,0
44.9705341144,0,0,34.3820939029,0,0,0,0,0,2.35742887283,70.7208408392,0.749089454123,4.97032838969,0,0,77.3112977311,35.5157822351,3.42301022849,3.5333259088,0,56.4191274888,0,0,46.4374096088,40.7291799217,19.9025418518
48.8350538335,43.4528869885,30.1129724441,0,0,7.14995918001,16.6123912367,0,0,13.5148142682,0,54.6493671188,0,17.8183309923,0,24.8088793349,25.7282415857,8.28335595142,0,9.78248173658,0,22.3870511478,23.1941892196,0,83.8372284464,36.7016710689
37.849334286,0,45.5055057945,0,0,0,0,0,67.3867569163,0,0,0,0,0,0,13.5698858643,17.9679650858,23.2965114616,49.3616169908,0,0,51.1741188307,22.3598981624,0,10.0000828685,15.8398020004
0,26.2186912724,54.147437506,13.8278347746,12.3712718506,19.8563061043,0,0,18.3206345151,0,0,0,36.8130361453,25.5843062807,95.803353272,0,45.8543059234,0,0,0,10.7414038841,0,15.6834341891,0,0,0
37.4270742032,0.65773071684,33.9509022685,0,35.6208220013,26.8903537521,0,2.56955294716,0,0,0,19.408936187,0,0,28.6267025961,0,0,31.7157553076,0,0,0,0,0,67.4023097902,83.5607220284,0
0,0,0,0,0,0,60.1470676912,23.5851899842,43.294420385,17.6474229799,0,41.2786628695,74.4421263346,0,44.2473343781,29.2143132319,0,0,0,68.6715649663,56.8874675232,0,35.6104660307,16.744283525,0,0
0,0,0,0,0,0,0,11.8600913047,39.6532050375,0,43.5139678518,6.84331406104,17.2058508927,0,0,3.24972410415,10.7591835255,0,0,0,17.9564206157,11.5667956616,0,3.70893394723,0,15.5985955764
0,71.2534889361,68.4292178943,0,0,85.8963061019,46.0319977309,0,31.5272846552,0,4.92795693489,0,9.25803239467,0,16.1082593387,0,0,17.3220200444,0,46.2811731111,0,62.3632320445,0,0,0,6.22913634336
0,45.3802147976,0,5.22284670297,59.9753896023,11.8584554486,0,0,20.726924295,32.9113190618,0,0,0,17.6711039442,21.5398512942,0,0,0,0,14.9701942569,19.6479492285,0,47.4762917343,0,0,70.0695876117
0,10.206889576,0,0,0,64.558720067,80.3932149942,0,0,22.5169737318,74.4064001278,0,104.328963374,0,0,0,0,0,60.4254837208,28.4105114162,14.9779161654,63.3156163318,4.97473462927,0,0,0
0,113.118740866,18.2845043521,0,31.7668696899,14.3060934386,0,18.0887936454,46.0575126346,24.1641762087,20.1278849231,0,0,41.0880444604,57.6770718885,0,46.6112065208,0,28.1062332809,0,17.9635160024,0,37.0027420361,42.3851114157,0,0
147.038828947,0,0,0,0,0.634363778435,20.5305369893,94.9072513368,0,0,0,0,18.1225412452,27.8212894065,0,46.8867069429,0,0,97.0196823831,0,0,10.0995840934,0,21.466522654,26.7563359637,0
47.0620796184,0,0,0,41.0285438118,19.7244004621,0,91.2194040754,0,0,0,0,0,0,6.23239859651,0,0,0,50.0599116528,50.7534389627,0,38.4421507277,0,11.6185165348,23.6468962565,4.22580354438
61.7923026895,50.5748346368,0,0,49.1454302623,0,107.521237492,15.365553966,0,39.2354763874,25.4446331041,0,60.9025705776,40.9628691975,38.326438948,0,103.130163519,3.51982258447,0,65.0396127931,0,12.6376582173,0.725655885186,53.2228338387,0,0
9.82203495631,18.5577090115,0,64.869501565,0,43.8769676567,3.97666600036,0,0,0.827835268001,0,34.5261716498,27.911168014,0,0,0,0,6.63501393942,67.3305680416,23.7927589783,0,35.587283613,40.088422881,0,21.3626446794,0
0,0,0,36.5207787702,0,26.0975756034,68.7440812427,0,0,16.4386210325,26.8710461989,0,0,147.065679244,98.9544972941,0,56.6690506889,0,1.94684109623,36.3527351751,77.7208537777,0,7.01016860016,13.7781670678,11.7983583246,0
64.8603941866,0,1.53590138801,0,29.2060516022,0,0,17.6987743944,15.1477903613,0,0,0,3.1978307428,0,0,15.8451669407,0,42.4920986296,0,47.6350788321,14.1591935617,0,0,23.5693789344,0,0
30.7648755628,0,0,0,0,35.2430060141,0,0,31.5495167184,32.0660733329,0,48.4205968956,0,0,0,0,19.5652572596,0,64.6259927013,75.8450632252,0,48.2877297706,86.225480409,0,12.3704027325,72.6190081225
34.9804277423,0,35.8668658855,0,0,0,0,0,0,0,14.6614970845,0,0,0,42.8548625151,0,0,69.3985527666,87.9410505422,20.8457097037,0,5.09546971133,4.26266344391,0,97.124653154,30.4319821869
