0,89.0668817163,29.1499052214,0,5.08017648734,0,0,51.5389507508,0,2.8527842456,29.3685903102,0,0,1.06432661943,13.6388986277,0,0,52.6543395877,4.20160852146,0,0,9.58529750826,5.93468347411,0,0,19.1904912234,72.4105710426,0,23.0786934931,0,0,76.1133105962,39.426753905,0,49.0682320814,0,36.1402410091,0,0,13.5036969102,55.0041186505,0,7.1272666089,0,66.6460251018,0,30.4511786867,0,0,67.1416191824,0,46.5519984667
16.3230072939,0,0,6.59282112651,9.70730295011,0,0,22.8693678572,0,67.6863172268,64.3269811554,0,86.1577500642,0,0,52.8931124941,15.9661818405,0,48.7550588948,0,76.5561453676,0,12.7971613983,0,0,48.6385779252,15.361381554,0,0.753129074187,0,7.97672078084,0,56.6407000399,0,18.3096174789,0,17.2454550645,0,0,14.3041143663,20.0332638883,0,0,32.6391055429,78.4750985003,0,0,40.9268015129,0,53.7877656377,20.1814269741,0
0,11.6812861647,52.7809317141,0,0,35.9912193593,0,17.9143095667,17.7993338477,0,0,112.958233651,0,12.5086903502,0,1.40439326328,0,18.3811067482,0,76.3265366183,8.61616854562,0,42.5525421502,0,0,2.02004167143,0,45.574823691,0,0.87870349832,0,54.1125754984,0,31.360615344,0,67.3126244918,38.54290835,0,0,27.2895831649,25.5573474308,0,13.0077721166,0,10.8339655058,0,16.3207742906,0,30.9189707707,0,6.48894778207,0
0,11.6321683828,16.4749694332,0,0,16.5016549281,52.486459009,0,46.7405251139,0,0,57.113009718,0,14.8773200511,32.8421135482,0,0,21.565192593,1.40293061847,0,13.0115499824,0,0,27.6205577359,37.8769022167,0,18.6842995892,0,0,9.85480829482,0,15.1539167541,0,12.3291003222,20.6588235517,0,0,4.83687308985,0,18.4554167501,0,66.257887857,0,45.2996262999,9.84947359097,0,65.3664331405,0,22.8927922829,0,0,25.8320915886
23.152283112,0,0,50.6240163362,11.2262804198,0,4.55245765106,0,0,26.6971942866,0,34.9766251965,0,28.8547452966,16.9828173957,0,3.24685566911,0,8.34945822525,0,65.9742964369,0,0,47.2892801495,88.7648514372,0,76.5925219495,0,0,66.551796784,40.7856248533,0,0,1.18343866843,9.98976036558,0,0,16.9510873768,0,17.1753254952,0,95.4571549799,0,36.3261514313,0,40.8789577588,9.95665590731,0,3.56498609544,0,0,5.23340943027
0,4.46574637411,0,6.44023809441,0,22.1350377183,28.5169832798,0,14.5971232751,0,21.3928552197,0,0,24.6307487061,19.1390216026,0,32.0457088653,0,13.4695422771,0,0,34.3990143047,5.25606510966,0,24.5275994296,0,0,56.1242019531,0,5.14678198307,48.5524672746,0,0,13.2522528154,16.5976040587,0,6.45325657739,0,26.4834929222,0,34.5889743484,0,54.7204609037,0,47.5293427443,0,0,17.3141070193,74.0881387286,0,0,1.29835013328
0,41.4567639463,0,10.5329531594,54.1280849223,0,0,77.6570233678,19.4604469524,0,36.0314650064,0,3.77607192572,0,0,10.165197597,0,3.49023115097,17.2641721277,0,25.3979566865,0,0,66.3034396505,0,10.0423704394,29.5447341065,0,37.0778039275,0,0,11.6059619149,29.7147445135,0,38.3385590688,0,10.9137539198,0,0,1.52796901588,1.00209673698,0,15.9738149533,0,66.802991232,0,0,5.37934918541,0,53.4969630172,0,21.3474802977
0,3.39947163432,8.7874188958,0,0,0.689986449336,11.0958864763,0,4.04670681389,0,0,9.48156418713,0,2.41520380282,18.1084445159,0,0,12.8840716558,7.29011786352,0,0,1.1725439107,14.5018106979,0,0,1.54076548821,1.73989636783,0,7.44019291232,0,0,5.244358424,0,1.40588838059,0,18.9372259044,0.246388343613,0,0,10.702322407,0,14.3241505965,0,4.27267311475,0,15.7125885721,0,5.76188595848,7.78194282981,0,0,0.919471757059
37.7858428475,0,0,94.8998990555,0,85.559636812,0,62.6283067979,0,82.5441979892,0,1.2035291346,0,19.440552588,0,56.0534938665,71.3429448936,0,49.1569773812,0,0,44.9405365222,0,27.5616908311,0,78.9407128533,0,37.3556175436,26.7660046889,0,42.3748967881,0,0,1.54017131035,17.054923873,0,41.879229011,0,0,22.9211709545,48.0813772732,0,0,50.8817366074,0,60.9490956803,0,44.7845726641,0,54.1675051688,21.4641676174,0
1.69584660064,0,33.1613703791,0,0,44.0605305537,36.0307796292,0,14.8631611151,0,23.7939067653,0,11.1209690728,0,60.8827172619,0,0,13.1076750633,0,1.06527108586,0,26.0268253218,45.261322555,0,18.4659737707,0,10.1469945667,0,0,0.806842522453,8.8845444064,0,0,3.65742151608,0,16.999209335,2.72951007281,0,27.2518984704,0,0,13.1210242592,0,29.0391265169,0,23.7061176774,0,10.251614088,22.3861529426,0,0,2.06649555593
8.9413570219,0,0,115.511676617,40.9082852726,0,0,15.667342619,0,1.95273582885,13.1921966336,0,0,4.04927559678,4.48426952345,0,0,12.2541178399,33.1008287218,0,0,42.6682308826,0,86.8609544952,5.36268226613,0,0,26.693104132,51.9835652922,0,14.2058410331,0,0,27.0313101701,1.16990396464,0,0,18.1572665907,0,24.2358221731,0,52.3292017777,14.050337778,0,0,20.5184575533,0,1.96375253123,6.33350993261,0,12.4440456414,0
61.9018437582,0,42.3953954637,0,18.4866161544,0,0,31.3973604083,0,11.7606756965,42.4723051089,0,0,29.7328554231,0,19.1428556619,24.2983996957,0,0,90.9948110801,74.7185678868,0,0,67.1977758992,0,23.4688058036,43.9912927119,0,0,38.8466741811,15.6074015879,0,54.4473306988,0,0,67.6252744334,0,95.24723056,35.4382820486,0,0,8.04350913596,0,29.1686701873,15.3270233344,0,0,18.61165697,2.89099195473,0,0,59.4180918665
14.7188652521,0,0,14.2794417064,9.18635175359,0,25.0780347448,0,0,34.2410053693,0,20.7071168542,1.93755274211,0,2.53152033711,0,0,26.8221927267,0,25.5128845028,0,31.2589326274,0,13.9571541078,0,0.17284870014,0,41.9998406682,21.01350628,0,18.0241210049,0,0,44.8802749114,0,18.7179696679,0,42.1542790092,5.37827183501,0,0,0.705565309199,16.5564114119,0,0,36.6049083624,0,12.3369618941,14.0051876303,0,15.3487462927,0
5.80753954528,0,0,0.206679183881,6.99560416472,0,0,2.72677316983,2.35372827293,0,7.30874649094,0,0,7.59460039288,0,2.29831658143,0,10.9858382881,0,11.3001242916,7.01490757553,0,4.62841707235,0,0,25.5563930614,13.7266241525,0,12.1101324232,0,2.18275842997,0,0,23.5286639261,0,9.32532304606,8.07729068063,0,0,2.32931309011,0,9.15641900752,0,5.60480007152,0,5.00016606273,0,4.10670495968,0,6.1128760326,0,13.3920817506
18.8029030173,0,3.61446199618,0,0,14.9629747048,42.7168889827,0,0,13.2771373526,12.2100519516,0,32.2929347579,0,61.4889187027,0,0,19.1545881413,41.7801698891,0,0,23.1559255605,59.9681697538,0,0,10.1344864318,0,1.2222607068,12.130654129,0,0,12.0326857149,0,34.1695087304,12.5157025701,0,15.3902125377,0,4.05910025861,0,0,2.44157700896,0,9.87547002386,0,33.3496759369,0,15.833793486,0,2.4957938963,28.1618657423,0
0.355461723118,0,0,14.368284654,81.0531855696,0,41.27638076,0,0,25.0196745033,21.4824074959,0,41.456373355,0,0,29.1163420026,34.4028096733,0,43.6378665086,0,80.4384463918,0,0,35.0497578972,82.2361172293,0,6.49524054015,0,0,81.29386353,17.720758662,0,51.2232939928,0,5.35110823414,0,22.9393997785,0,0,18.4998778358,0,2.24219556132,0,37.9967437457,91.3541035231,0,49.6954001704,0,0,24.5710564007,0,40.8211797195
30.2783162261,0,0,41.7023427226,0,36.7436309292,33.2581522799,0,0,25.6264968369,0,11.8025187147,0,46.0973648891,11.9953004124,0,0,21.151513991,0,25.2383411679,0,37.2380569206,0,30.4431936733,24.5045711224,0,0,6.81898088063,0,13.1284289129,36.8586748174,0,0,35.842146122,0,5.48379644119,0,28.5900901868,1.57976059816,0,0,26.6605984577,10.6232654305,0,0,23.944216261,0,17.0072293543,22.3032904643,0,4.89939718246,0
35.2816622919,0,0,10.7089910171,53.053601316,0,0,19.5769647702,0,24.7563422453,0,17.4099953502,12.5049355146,0,0,76.823634107,20.2718801898,0,9.80503092943,0,64.2036500982,0,13.8215037629,0,0,56.0743831335,3.32037873087,0,6.28649434276,0,0,34.4611035881,9.6277706314,0,0,46.6151895125,0,55.7242843261,0,40.0316214395,0,17.3760618066,5.2981692898,0,18.8780900074,0,18.6227814535,0,0,15.3098050733,51.2046782623,0
0,4.92350237946,6.30122442646,0,0,3.98801585938,0,3.71031877584,28.2919308153,0,0.905964574305,0,10.3309188688,0,1.03733516892,0,12.6421242735,0,1.67838214728,0,0,15.2353329391,0,9.37311244894,14.6215711608,0,0,11.9871670848,0,15.0383256696,0,8.04967753123,13.7986375879,0,0,2.73712153726,7.59599187452,0,15.514201336,0,0,6.94704970027,34.3212497803,0,5.38385480389,0,0,7.92612169971,37.9868868416,0,19.486951891,0
7.72624763717,0,48.4451357229,0,0,1.96855155381,0,31.4690044402,0,13.4244096322,0,8.37090297937,24.6798139793,0,0,28.692566983,0,22.1468475791,13.1307420611,0,0,17.2334241143,0,29.2343521741,11.3966583879,0,0,30.5189297021,0,6.67633904291,0,21.2233348944,17.378397985,0,0,10.8935260788,0,2.40696177287,0,26.6976898954,0,20.8546756289,4.13491090513,0,0,34.2786384762,0,4.22220392366,0,10.085288505,42.5468933151,0
0,38.9869185802,21.5083283899,0,70.3368995223,0,0,14.3418810481,5.02048694555,0,38.0795233155,0,41.6395975406,0,0,36.4524782504,0,15.8165116617,0,41.0874856304,8.09634398401,0,0,1.14416074825,0,41.0682913825,11.4095267143,0,35.1562824725,0,0,2.73244135025,15.2423322621,0,25.9160189811,0,0,4.32892195219,0,8.94860783421,70.4712776817,0,53.1069280881,0,0.503894146505,0,18.8339513438,0,0,72.5579197823,0,15.9122028546
0,19.2443228163,0,22.2112748832,31.4418436029,0,0,42.553467041,48.215475386,0,0,10.7840600928,0,12.1538104838,0,25.5509855823,115.038994772,0,36.2651933889,0,1.86942345654,0,95.3161809856,0,7.48432190322,0,0,2.67342175551,0,13.8039851887,44.0390148667,0,5.98415776274,0,44.8736274891,0,12.6152490101,0,16.6559753547,0,59.4865448408,0,20.4683550022,0,0,15.9134649068,48.609784711,0,13.713062158,0,0,14.3284452588
4.98594770896,0,0,41.0427150195,0,32.3458856779,0,6.25716775023,0,54.3234284938,27.5393165801,0,32.7755766823,0,0,11.1982545701,6.78216534404,0,0,18.4466026513,0,44.6610426263,0,36.5511025632,4.32692063218,0,12.1926245768,0,0,29.0966834668,3.74137838713,0,23.9922682076,0,0,17.8116982744,71.2379789989,0,0,36.3691643812,112.309255089,0,0,40.0646448316,0,12.9915671822,27.8672585411,0,0,18.0473538198,0,52.3531089154
0,75.9641268141,0,45.6990906935,0,36.6769393007,35.9231975094,0,44.4832793498,0,0,25.4332830936,0,62.5952244485,13.5237276131,0,51.0434930087,0,11.3276315023,0,0,22.0717582368,0,44.819044192,54.704505616,0,2.27329846929,0,0,26.2926245694,49.2511651659,0,0.420619284546,0,74.5343193202,0,8.71044108129,0,25.7115223069,0,0,9.95817405477,33.2867981012,0,0,39.4424844184,44.1373849266,0,0,20.6835247689,0,41.8650240147
8.33988597386,0,15.6172806009,0,62.8553435401,0,2.30251958373,0,0,14.5695322347,13.1401355986,0,0,23.9569178492,37.7847816182,0,0,72.9785866529,0,43.7044660164,0,11.1163372491,0,81.3593575907,0,25.0167819165,0,25.0306663331,41.7402079734,0,0,37.0589118351,24.5700430741,0,0,34.4640956651,0,47.5210592601,4.35153157128,0,0,38.1568272369,0,26.1288783632,0,23.8620815354,0,35.8548034923,0,38.648872832,0,31.0117988554
0,17.5973741748,0,74.7751815218,39.1809724634,0,22.2317588195,0,54.028509925,0,13.9294055411,0,0,85.1492358609,33.7601948024,0,150,0,80.7464976731,0,0,22.1878043972,0,75.1801584121,46.6255401829,0,0,52.7883934826,79.8049809387,0,78.7915069623,0,0,28.0871319856,74.0504798279,0,0,10.9284296523,68.5847288908,0,0,31.6551285822,65.3085814047,0,6.98608396146,0,0,73.2946634808,8.08528398496,0,16.8789385241,0
