0,29.1499052214,5.08017648734,0,0,29.3685903102,0,13.6388986277,0,4.20160852146,0,5.93468347411,0,72.4105710426,23.0786934931,0,39.426753905,49.0682320814,36.1402410091,0,55.0041186505,7.1272666089,66.6460251018,30.4511786867,0,0
16.3230072939,0,9.70730295011,0,0,64.3269811554,86.1577500642,0,15.9661818405,48.7550588948,76.5561453676,12.7971613983,0,15.361381554,0.753129074187,7.97672078084,56.6407000399,18.3096174789,17.2454550645,0,20.0332638883,0,78.4750985003,0,0,20.1814269741
0,52.7809317141,0,0,17.7993338477,0,0,0,0,0,8.61616854562,42.5525421502,0,0,0,0,0,0,38.54290835,0,25.5573474308,13.0077721166,10.8339655058,16.3207742906,30.9189707707,6.48894778207
0,16.4749694332,0,52.486459009,46.7405251139,0,0,32.8421135482,0,1.40293061847,13.0115499824,0,37.8769022167,18.6842995892,0,0,0,20.6588235517,0,0,0,0,9.84947359097,65.3664331405,22.8927922829,0
23.152283112,0,11.2262804198,4.55245765106,0,0,0,16.9828173957,3.24685566911,8.34945822525,65.9742964369,0,88.7648514372,76.5925219495,0,40.7856248533,0,9.98976036558,0,0,0,0,0,9.95665590731,3.56498609544,0
0,0,0,28.5169832798,14.5971232751,21.3928552197,0,19.1390216026,32.0457088653,13.4695422771,0,5.25606510966,24.5275994296,0,0,48.5524672746,0,16.5976040587,6.45325657739,26.4834929222,34.5889743484,54.7204609037,47.5293427443,0,74.0881387286,0
0,0,54.1280849223,0,19.4604469524,36.0314650064,3.77607192572,0,0,17.2641721277,25.3979566865,0,0,29.5447341065,37.0778039275,0,29.7147445135,38.3385590688,10.9137539198,0,1.00209673698,15.9738149533,66.802991232,0,0,0
0,8.7874188958,0,11.0958864763,4.04670681389,0,0,18.1084445159,0,7.29011786352,0,14.5018106979,0,1.73989636783,7.44019291232,0,0,0,0.246388343613,0,0,0,0,0,7.78194282981,0
37.7858428475,0,0,0,0,0,0,0,71.3429448936,49.1569773812,0,0,0,0,26.7660046889,42.3748967881,0,17.054923873,41.879229011,0,48.0813772732,0,0,0,0,21.4641676174
1.69584660064,33.1613703791,0,36.0307796292,14.8631611151,23.7939067653,11.1209690728,60.8827172619,0,0,0,45.261322555,18.4659737707,10.1469945667,0,8.8845444064,0,0,2.72951007281,27.2518984704,0,0,0,0,22.3861529426,0
8.9413570219,0,40.9082852726,0,0,13.1921966336,0,4.48426952345,0,33.1008287218,0,0,5.36268226613,0,51.9835652922,14.2058410331,0,1.16990396464,0,0,0,14.050337778,0,0,6.33350993261,12.4440456414
61.9018437582,42.3953954637,18.4866161544,0,0,42.4723051089,0,0,24.2983996957,0,74.7185678868,0,0,43.9912927119,0,15.6074015879,54.4473306988,0,0,35.4382820486,0,0,15.3270233344,0,2.89099195473,0
14.7188652521,0,9.18635175359,25.0780347448,0,0,1.93755274211,2.53152033711,0,0,0,0,0,0,21.01350628,18.0241210049,0,0,0,5.37827183501,0,16.5564114119,0,0,14.0051876303,15.3487462927
5.80753954528,0,6.99560416472,0,2.35372827293,7.30874649094,0,0,0,0,7.01490757553,4.62841707235,0,13.7266241525,12.1101324232,2.18275842997,0,0,8.07729068063,0,0,0,0,0,0,0
18.8029030173,3.61446199618,0,42.7168889827,0,12.2100519516,32.2929347579,61.4889187027,0,41.7801698891,0,59.9681697538,0,0,12.130654129,0,0,12.5157025701,15.3902125377,4.05910025861,0,0,0,0,0,28.1618657423
0.355461723118,0,81.0531855696,41.27638076,0,21.4824074959,41.456373355,0,34.4028096733,43.6378665086,80.4384463918,0,82.2361172293,6.49524054015,0,17.720758662,51.2232939928,5.35110823414,22.9393997785,0,0,0,91.3541035231,49.6954001704,0,0
30.2783162261,0,0,33.2581522799,0,0,0,11.9953004124,0,0,0,0,24.5045711224,0,0,36.8586748174,0,0,0,1.57976059816,0,10.6232654305,0,0,22.3032904643,4.89939718246
35.2816622919,0,53.053601316,0,0,0,12.5049355146,0,20.2718801898,9.80503092943,64.2036500982,13.8215037629,0,3.32037873087,6.28649434276,0,9.6277706314,0,0,0,0,5.2981692898,18.8780900074,18.6227814535,0,51.2046782623
0,6.30122442646,0,0,28.2919308153,0.905964574305,10.3309188688,1.03733516892,12.6421242735,1.67838214728,0,0,14.6215711608,0,0,0,13.7986375879,0,7.59599187452,15.514201336,0,34.3212497803,5.38385480389,0,37.9868868416,19.486951891
7.72624763717,48.4451357229,0,0,0,0,24.6798139793,0,0,13.1307420611,0,0,11.3966583879,0,0,0,17.378397985,0,0,0,0,4.13491090513,0,0,0,42.5468933151
0,21.5083283899,70.3368995223,0,5.02048694555,38.0795233155,41.6395975406,0,0,0,8.09634398401,0,0,11.4095267143,35.1562824725,0,15.2423322621,25.9160189811,0,0,70.4712776817,53.1069280881,0.503894146505,18.8339513438,0,0
0,0,31.4418436029,0,48.215475386,0,0,0,115.038994772,36.2651933889,1.86942345654,95.3161809856,7.48432190322,0,0,44.0390148667,5.98415776274,44.8736274891,12.6152490101,16.6559753547,59.4865448408,20.4683550022,0,48.609784711,13.713062158,0
4.98594770896,0,0,0,0,27.5393165801,32.7755766823,0,6.78216534404,0,0,0,4.32692063218,12.1926245768,0,3.74137838713,23.9922682076,0,71.2379789989,0,112.309255089,0,0,27.8672585411,0,0
0,0,0,35.9231975094,44.4832793498,0,0,13.5237276131,51.0434930087,11.3276315023,0,0,54.704505616,2.27329846929,0,49.2511651659,0.420619284546,74.5343193202,8.71044108129,25.7115223069,0,33.2867981012,0,44.1373849266,0,0
8.33988597386,15.6172806009,62.8553435401,2.30251958373,0,13.1401355986,0,37.7847816182,0,0,0,0,0,0,41.7402079734,0,24.5700430741,0,0,4.35153157128,0,0,0,0,0,0
0,0,39.1809724634,22.2317588195,54.028509925,13.9294055411,0,33.7601948024,150,80.7464976731,0,0,46.6255401829,0,79.8049809387,78.7915069623,0,74.0504798279,0,68.5847288908,0,65.3085814047,6.98608396146,0,8.08528398496,16.8789385241
