89.0668817163,0,0,51.5389507508,2.8527842456,0,1.06432661943,0,52.6543395877,0,9.58529750826,0,19.1904912234,0,0,76.1133105962,0,0,0,13.5036969102,0,0,0,0,67.1416191824,46.5519984667
0,6.59282112651,0,22.8693678572,67.6863172268,0,0,52.8931124941,0,0,0,0,48.6385779252,0,0,0,0,0,0,14.3041143663,0,32.6391055429,0,40.9268015129,53.7877656377,0
11.6812861647,0,35.9912193593,17.9143095667,0,112.958233651,12.5086903502,1.40439326328,18.3811067482,76.3265366183,0,0,2.02004167143,45.574823691,0.87870349832,54.1125754984,31.360615344,67.3126244918,0,27.2895831649,0,0,0,0,0,0
11.6321683828,0,16.5016549281,0,0,57.113009718,14.8773200511,0,21.565192593,0,0,27.6205577359,0,0,9.85480829482,15.1539167541,12.3291003222,0,4.83687308985,18.4554167501,66.257887857,45.2996262999,0,0,0,25.8320915886
0,50.6240163362,0,0,26.6971942866,34.9766251965,28.8547452966,0,0,0,0,47.2892801495,0,0,66.551796784,0,1.18343866843,0,16.9510873768,17.1753254952,95.4571549799,36.3261514313,40.8789577588,0,0,5.23340943027
4.46574637411,6.44023809441,22.1350377183,0,0,0,24.6307487061,0,0,0,34.3990143047,0,0,56.1242019531,5.14678198307,0,13.2522528154,0,0,0,0,0,0,17.3141070193,0,1.29835013328
41.4567639463,10.5329531594,0,77.6570233678,0,0,0,10.165197597,3.49023115097,0,0,66.3034396505,10.0423704394,0,0,11.6059619149,0,0,0,1.52796901588,0,0,0,5.37934918541,53.4969630172,21.3474802977
3.39947163432,0,0.689986449336,0,0,9.48156418713,2.41520380282,0,12.8840716558,0,1.1725439107,0,1.54076548821,0,0,5.244358424,1.40588838059,18.9372259044,0,10.702322407,14.3241505965,4.27267311475,15.7125885721,5.76188595848,0,0.919471757059
0,94.8998990555,85.559636812,62.6283067979,82.5441979892,1.2035291346,19.440552588,56.0534938665,0,0,44.9405365222,27.5616908311,78.9407128533,37.3556175436,0,0,1.54017131035,0,0,22.9211709545,0,50.8817366074,60.9490956803,44.7845726641,54.1675051688,0
0,0,44.0605305537,0,0,0,0,0,13.1076750633,1.06527108586,26.0268253218,0,0,0,0.806842522453,0,3.65742151608,16.999209335,0,0,13.1210242592,29.0391265169,23.7061176774,10.251614088,0,2.06649555593
0,115.511676617,0,15.667342619,1.95273582885,0,4.04927559678,0,12.2541178399,0,42.6682308826,86.8609544952,0,26.693104132,0,0,27.0313101701,0,18.1572665907,24.2358221731,52.3292017777,0,20.5184575533,1.96375253123,0,0
0,0,0,31.3973604083,11.7606756965,0,29.7328554231,19.1428556619,0,90.9948110801,0,67.1977758992,23.4688058036,0,38.8466741811,0,0,67.6252744334,95.24723056,0,8.04350913596,29.1686701873,0,18.61165697,0,59.4180918665
0,14.2794417064,0,0,34.2410053693,20.7071168542,0,0,26.8221927267,25.5128845028,31.2589326274,13.9571541078,0.17284870014,41.9998406682,0,0,44.8802749114,18.7179696679,42.1542790092,0,0.705565309199,0,36.6049083624,12.3369618941,0,0
0,0.206679183881,0,2.72677316983,0,0,7.59460039288,2.29831658143,10.9858382881,11.3001242916,0,0,25.5563930614,0,0,0,23.5286639261,9.32532304606,0,2.32931309011,9.15641900752,5.60480007152,5.00016606273,4.10670495968,6.1128760326,13.3920817506
0,0,14.9629747048,0,13.2771373526,0,0,0,19.1545881413,0,23.1559255605,0,10.1344864318,1.2222607068,0,12.0326857149,34.1695087304,0,0,0,2.44157700896,9.87547002386,33.3496759369,15.833793486,2.4957938963,0
0,14.368284654,0,0,25.0196745033,0,0,29.1163420026,0,0,0,35.0497578972,0,0,81.29386353,0,0,0,0,18.4998778358,2.24219556132,37.9967437457,0,0,24.5710564007,40.8211797195
0,41.7023427226,36.7436309292,0,25.6264968369,11.8025187147,46.0973648891,0,21.151513991,25.2383411679,37.2380569206,30.4431936733,0,6.81898088063,13.1284289129,0,35.842146122,5.48379644119,28.5900901868,0,26.6605984577,0,23.944216261,17.0072293543,0,0
0,10.7089910171,0,19.5769647702,24.7563422453,17.4099953502,0,76.823634107,0,0,0,0,56.0743831335,0,0,34.4611035881,0,46.6151895125,55.7242843261,40.0316214395,17.3760618066,0,0,0,15.3098050733,0
4.92350237946,0,3.98801585938,3.71031877584,0,0,0,0,0,0,15.2353329391,9.37311244894,0,11.9871670848,15.0383256696,8.04967753123,0,2.73712153726,0,0,6.94704970027,0,0,7.92612169971,0,0
0,0,1.96855155381,31.4690044402,13.4244096322,8.37090297937,0,28.692566983,22.1468475791,0,17.2334241143,29.2343521741,0,30.5189297021,6.67633904291,21.2233348944,0,10.8935260788,2.40696177287,26.6976898954,20.8546756289,0,34.2786384762,4.22220392366,10.085288505,0
38.9869185802,0,0,14.3418810481,0,0,0,36.4524782504,15.8165116617,41.0874856304,0,1.14416074825,41.0682913825,0,0,2.73244135025,0,0,4.32892195219,8.94860783421,0,0,0,0,72.5579197823,15.9122028546
19.2443228163,22.2112748832,0,42.553467041,0,10.7840600928,12.1538104838,25.5509855823,0,0,0,0,0,2.67342175551,13.8039851887,0,0,0,0,0,0,0,15.9134649068,0,0,14.3284452588
0,41.0427150195,32.3458856779,6.25716775023,54.3234284938,0,0,11.1982545701,0,18.4466026513,44.6610426263,36.5511025632,0,0,29.0966834668,0,0,17.8116982744,0,36.3691643812,0,40.0646448316,12.9915671822,0,18.0473538198,52.3531089154
75.9641268141,45.6990906935,36.6769393007,0,0,25.4332830936,62.5952244485,0,0,0,22.0717582368,44.819044192,0,0,26.2926245694,0,0,0,0,0,9.95817405477,0,39.4424844184,0,20.6835247689,41.8650240147
0,0,0,0,14.5695322347,0,23.9569178492,0,72.9785866529,43.7044660164,11.1163372491,81.3593575907,25.0167819165,25.0306663331,0,37.0589118351,0,34.4640956651,47.5210592601,0,38.1568272369,26.1288783632,23.8620815354,35.8548034923,38.648872832,31.0117988554
17.5973741748,74.7751815218,0,0,0,0,85.1492358609,0,0,0,22.1878043972,75.1801584121,0,52.7883934826,0,0,28.0871319856,0,10.9284296523,0,31.6551285822,0,0,73.2946634808,0,0
